"Freq [GHz]","re(S(1,1)) []","re(S(1,2)) []","re(S(1,3)) []","re(S(1,4)) []","re(S(1,5)) []","re(S(1,6)) []","re(S(2,1)) []","re(S(2,2)) []","re(S(2,3)) []","re(S(2,4)) []","re(S(2,5)) []","re(S(2,6)) []","re(S(3,1)) []","re(S(3,2)) []","re(S(3,3)) []","re(S(3,4)) []","re(S(3,5)) []","re(S(3,6)) []","re(S(4,1)) []","re(S(4,2)) []","re(S(4,3)) []","re(S(4,4)) []","re(S(4,5)) []","re(S(4,6)) []","re(S(5,1)) []","re(S(5,2)) []","re(S(5,3)) []","re(S(5,4)) []","re(S(5,5)) []","re(S(5,6)) []","re(S(6,1)) []","re(S(6,2)) []","re(S(6,3)) []","re(S(6,4)) []","re(S(6,5)) []","re(S(6,6)) []"
25,-0.47707817894557,-0.0804505257950572,-3.42640992066083E-06,9.48607136391838E-05,-0.358336642385673,-0.177601517080458,-0.0804505257950563,-0.481745925541559,1.03806757360534E-05,-0.000102859421153673,-0.171901053517968,-0.364358527520006,-3.42640992067796E-06,1.03806757361479E-05,-0.990184789286294,-5.01305973827793E-05,-6.62595956288508E-05,9.4571909421876E-07,9.4860713639218E-05,-0.00010285942115376,-5.01305973827805E-05,-0.99064564845711,-0.000180232810115471,0.000265975798904451,-0.358336642385682,-0.171901053517962,-6.6259595628726E-05,-0.000180232810115461,0.771280629572046,-0.0301576072856023,-0.177601517080453,-0.364358527520008,9.4571909407904E-07,0.000265975798904447,-0.0301576072855952,0.768651703087941
26,0.604479189022901,-0.084982713251085,-1.91440873795394E-05,6.04857228898932E-05,0.0179629232793541,-0.298066836499441,-0.0849827132510849,0.606953821847528,1.53048344097335E-05,0.000102014802779806,-0.303260947116777,0.0243426146516925,-1.91440873795854E-05,1.53048344097782E-05,-0.98959457995919,-5.66127746817631E-06,-6.35011748282517E-05,7.6175329645467E-06,6.0485722889898E-05,0.000102014802779777,-5.66127746817407E-06,-0.990348403637293,-0.000458123252839684,0.00113780830455603,0.0179629232793417,-0.303260947116787,-6.35011748282345E-05,-0.000458123252839663,0.680562866770463,0.19773141915314,-0.298066836499465,0.0243426146517365,7.61753296443487E-06,0.00113780830455607,0.197731419152699,0.680647131443958
27,0.760755913577906,0.137567456708238,-4.34084822608192E-05,-8.05714705419814E-05,0.117271249221947,0.0100755293513871,0.13756745670824,0.773018131176901,3.47807834217953E-05,0.00194872076501798,0.00277952066780607,0.100940656429554,-4.34084822608817E-05,3.47807834217543E-05,-0.988939110426073,-3.82475928539167E-06,-2.26521233343094E-05,8.62145630550734E-05,-8.05714705420051E-05,0.00194872076501784,-3.82475928539178E-06,-0.989702441641768,-0.00318082220435504,0.00240002526419234,0.117271249221981,0.00277952066783174,-2.26521233343103E-05,-0.0031808222043548,0.510450033970743,0.112224752557361,0.010075529351373,0.100940656429557,8.62145630549101E-05,0.00240002526419229,0.112224752557038,0.502145947899395
28,0.453266442277637,0.255105207017986,-7.73013945981105E-05,-0.00097495440533125,-0.0165440203756473,-0.161945753359725,0.255105207017985,0.464418772044372,6.4073978439917E-05,-0.000543283334252473,-0.163104972707827,0.00173494926936997,-7.73013945981522E-05,6.40739784388417E-05,-0.988234767502703,-8.04849628495596E-06,7.91634377863949E-05,7.93807216598266E-05,-0.000974954405330668,-0.000543283334252599,-8.04849628495693E-06,-0.98901836975229,0.000610639831290079,0.00332310429848045,-0.0165440203757337,-0.163104972707844,7.91634377864313E-05,0.000610639831290013,0.251637849970321,0.157666488524161,-0.161945753359648,0.0017349492694147,7.93807216597068E-05,0.00332310429848046,0.157666488524071,0.196635453969912
29,0.591823838668698,0.152749463713576,-9.05560590359789E-05,0.00168858997862874,-0.17332872124911,-0.314140232849428,0.152749463713571,0.589430129093312,-0.000349726031918514,-0.000173109637033799,-0.347156504902622,-0.183287950951805,-9.0556059035968E-05,-0.000349726031915478,-0.987559630368271,-1.63967834443788E-05,0.000321307850025002,-4.09166215268048E-06,0.00168858997863138,-0.000173109637033942,-1.63967834443803E-05,-0.988308745827457,8.32734633918713E-05,0.00309578606820336,-0.173328721249049,-0.347156504903151,0.000321307850025048,8.32734633917907E-05,0.0843449263877012,0.285058494609681,-0.31414023284991,-0.183287950951827,-4.09166215282306E-06,0.00309578606820369,0.285058494609532,-0.0169270869217114
30,0.825148485436289,0.00890271105178153,0.000187584816735983,0.000329719516737366,-0.0922420779585377,0.103361163510439,0.00890271105178338,0.82522262921428,0.000372664437118903,0.000241893325201327,0.103175164747327,-0.0922429554653892,0.000187584816735982,0.000372664437118825,-0.987257497782861,-4.19012050093318E-05,0.00117945926839158,-0.000335281354402512,0.000329719516737375,0.000241893325201311,-4.19012050093284E-05,-0.987596982391348,-0.000563744166603108,0.0014270168056694,-0.0922420779585385,0.103175164747326,0.00117945926839175,-0.000563744166603135,0.475683723957386,0.340509163708077,0.103361163510443,-0.0922429554653861,-0.000335281354402578,0.00142701680566956,0.340509163708064,0.47489395713512
31,0.689312305031709,0.11266720647698,0.0100371385854302,-0.0116722371085103,-0.0635362070762312,-0.0560792995109102,0.112667206476986,0.691304411841467,-0.0049888351361036,0.00543682076515809,-0.0529719007542804,-0.0624669078408834,0.0100371385854309,-0.00498883513603215,-1.00421998434375,-0.00131459012096413,0.0164028429352983,-0.013070477566286,-0.0116722371085109,0.00543682076516308,-0.00131459012096563,-0.988154440391079,-0.0165478026821497,-0.0437510914518414,-0.0635362070762275,-0.0529719007542869,0.0164028429352887,-0.0165478026821475,0.313418336763855,0.502650564688472,-0.0560792995109038,-0.0624669078408799,-0.0130704775662851,-0.0437510914518466,0.502650564688476,0.323044686924365
32,0.533296620289822,0.087831296327221,0.00257820185519154,0.00490685874631009,-0.483709801067059,-0.297869854049045,0.0878312963271972,0.532780140910982,0.00533979465211299,0.000824666789953289,-0.29684957840094,-0.573298126858429,0.00257820185519987,0.00533979465211453,-0.970000939232913,0.00106620517460426,0.0132886671695836,0.0061994849426321,0.00490685874630986,0.000824666789948525,0.00106620517460367,-0.984747339663026,0.00560794432927022,0.0124702639473358,-0.483709801066652,-0.296849578400925,0.0132886671695855,0.0056079443292698,0.513297789666299,-0.111345808528569,-0.297869854049061,-0.573298126858702,0.00619948494263259,0.012470263947336,-0.111345808528442,0.512549682421038
33,0.624208195942452,0.0303209738369528,-5.37280117370048E-05,0.0031302997459329,0.067220885447009,-0.264445314907798,0.0303209738369375,0.632625677152211,0.00185583884619712,-0.00132655429612157,-0.263076548856612,0.0645102049963506,-5.37280117363535E-05,0.00185583884619567,-0.985919184324032,-0.000101890567923735,0.00374660265094284,-0.00184372947529555,0.00313029974593293,-0.00132655429612024,-0.000101890567923645,-0.985310183034538,-0.00395588488474891,0.00511642691960198,0.0672208854469369,-0.263076548856632,0.00374660265094352,-0.00395588488475013,0.614544650542377,0.0335233392465315,-0.264445314907775,0.0645102049963502,-0.00184372947529504,0.00511642691960152,0.0335233392465732,0.601999755685485
34,0.271082592601069,0.0411670936689087,-0.000585694036671925,0.00105023421280576,0.0172624935749673,0.157990580341029,0.0411670936689094,0.272673735453147,0.000594958357799954,-0.000822171687103777,0.155661742228232,0.018541749611276,-0.000585694036671879,0.000594958357799786,-0.983981627618892,-0.000145681118525652,0.00195148484234146,-0.0011769048533079,0.00105023421280569,-0.00082217168710366,-0.000145681118525641,-0.984332364631802,-0.00155884221229286,0.00254165191415202,0.0172624935749437,0.155661742228238,0.00195148484234134,-0.00155884221229269,0.653834778493995,0.0917631448971867,0.157990580341011,0.0185417496112699,-0.0011769048533078,0.00254165191415194,0.091763144897191,0.64955649997509
35,-0.139650541166688,0.105325814837228,-0.00110364571046868,-0.000381632017785772,-0.0423916715827265,0.345548451082642,0.105325814837226,-0.141058130335146,-0.00195424560029809,-0.00121115665614605,0.344859611775496,-0.0424830692240335,-0.00110364571046887,-0.00195424560029889,-0.982940116997076,-0.00019177862949521,0.00120834895865392,-0.000742813413563427,-0.0003816320177854,-0.001211156656146,-0.000191778629495204,-0.983399954240628,-0.000985200197819931,0.00151335290061459,-0.0423916715827037,0.344859611775505,0.00120834895865374,-0.000985200197819963,0.748247688516851,0.0858740772265301,0.345548451082636,-0.0424830692240377,-0.000742813413563509,0.00151335290061454,0.0858740772265189,0.759165101475995
36,-0.480302380199051,0.385460292805728,-5.47462800393949E-05,0.00126443247836383,-0.117621221277097,0.427447308916395,0.385460292805782,-0.480411218056982,0.000922404527183319,-0.0004573065979772,0.432308530257302,-0.126545674166488,-5.47462800394293E-05,0.000922404527183317,-0.982002308779977,-0.000254215217492369,0.000292692516494759,-0.000333916396294853,0.00126443247836401,-0.000457306597976883,-0.00025421521749235,-0.982423755466601,-0.000442274918502885,0.00101479238810653,-0.117621221277113,0.432308530257348,0.000292692516495069,-0.000442274918503088,0.641804131137266,0.0327845340610414,0.427447308916436,-0.126545674166504,-0.000333916396295143,0.00101479238810587,0.0327845340610498,0.657366603470466
37,-0.308409175813722,-0.0165711732618489,3.64203743439926E-05,0.000413030833408771,-0.156157093378633,0.44217914898765,-0.0165711732617815,-0.299804286218543,0.000712828714127566,0.000199388518431653,0.433798930146686,-0.144841012017326,3.64203743440783E-05,0.000712828714127855,-0.980805718898386,-0.000305479433291018,0.00327185139332466,-0.000585391017230345,0.000413030833408516,0.000199388518431915,-0.000305479433291038,-0.981342145962593,0.00136559707015876,0.00676057920399052,-0.156157093378646,0.433798930146659,0.00327185139332197,0.00136559707015571,0.477480039796276,-0.0767874945958012,0.442179148987577,-0.144841012017326,-0.000585391017231688,0.00676057920398322,-0.0767874945957367,0.468935031444809
38,-0.0550279048567754,0.0405003436906886,0.000440695720746375,-0.000760659113490979,-0.0874124088497972,-0.459249654959192,0.0405003436906882,-0.0565984508794235,-0.000205300133218241,0.00117200093657344,-0.407108503325779,-0.0799869233662158,0.000440695720746502,-0.000205300133218074,-0.980704761564674,-0.000443988109348102,0.00300108287841324,-0.000888361827347174,-0.000760659113490878,0.00117200093657357,-0.000443988109349737,-0.980179481386211,-0.00115244817967894,0.00295411194414129,-0.0874124088497986,-0.407108503325578,0.00300108287841662,-0.00115244817967912,0.615726825175052,0.150503142184488,-0.459249654959549,-0.0799869233662081,-0.000888361827347237,0.00295411194414077,0.15050314218448,0.60954207068972
39,-0.195226069478175,-0.347525843999965,5.56067768546845E-05,0.00102772397363321,-0.197743281678478,-0.290247377883548,-0.347525843999958,-0.199855505558305,0.000175165715454376,0.00157247618129799,-0.258801734769105,-0.186375972210342,5.56067768553132E-05,0.000175165715454387,-0.978117290768012,-0.000101099940869311,0.000639555521957637,-0.000733174309913875,0.00102772397363264,0.00157247618129845,-0.000101099940869343,-0.978887873913124,-0.0020918671598623,0.00408299523236254,-0.197743281678515,-0.258801734768995,0.0006395555219581,-0.00209186715986275,0.48140886710548,-0.0768349037781463,-0.290247377883492,-0.186375972210354,-0.00073317430991359,0.00408299523236251,-0.0768349037781537,0.460391524915566
40,-0.904990198659255,-0.0868874673831043,-8.85493453888912E-05,0.00630864695599222,-0.0219180861544347,-0.265671160761504,-0.0868874673831021,-0.904097184632231,0.000498592727428589,-0.00319722390609084,-0.263383191976639,-0.018567665837893,-8.85493453889215E-05,0.000498592727428663,-0.97692609490924,-0.000140527299152157,9.55814664257502E-05,4.79215887990571E-05,0.00630864695599489,-0.00319722390609051,-0.00014052729915211,-0.977523233267327,0.0117143794240681,0.00250336391409211,-0.021918086154424,-0.263383191976579,9.55814664259818E-05,0.011714379424062,0.916318455164332,0.0283090771723381,-0.265671160760554,-0.0185676658379042,4.79215887986612E-05,0.00250336391409194,0.0283090771723454,0.914007214322066
41,-0.569785234555633,-0.43671114102711,-0.00162444195671209,0.00415465469949098,-0.129189782753576,-0.203606632175899,-0.436711141027132,-0.562104663987274,0.000624546418736788,-0.00407406580969836,-0.19830410198688,-0.149506726186401,-0.00162444195671295,0.000624546418736353,-0.97441537778122,-0.000165993798090396,-0.000620670514347682,-0.000286489122474434,0.00415465469949005,-0.00407406580969857,-0.000165993798090367,-0.976389721725146,-0.00192436402665355,0.00578831551287621,-0.129189782753559,-0.198304101986823,-0.000620670514346587,-0.0019243640266533,0.738440386927072,-0.0107011844822444,-0.203606632175962,-0.149506726186385,-0.000286489122474876,0.00578831551285342,-0.0107011844824495,0.745641275902065
42,-0.0543410030739346,-0.0314769010649006,0.00123501872703349,-0.00292752954992977,-0.0853907320281606,-0.313035953226557,-0.0314769010649003,-0.0374734425383229,0.00011927851977234,0.00319866078898693,-0.290368942725329,-0.0864271466277846,0.00123501872703251,0.000119278519772808,-0.972802581286158,-0.00014983527316992,0.00136370889558193,-0.00153984358177181,-0.00292752954993108,0.00319866078898617,-0.000149835273169876,-0.975627460156261,0.00324489220191367,-0.000723745076503404,-0.0853907320281582,-0.290368942725555,0.00136370889557777,0.00324489220191415,0.684115573702339,0.0892666166272513,-0.313035953226599,-0.0864271466277821,-0.00153984358178125,-0.000723745076501547,0.0892666166272775,0.683444180080957
43,0.520497551462331,0.0233046888714694,0.000656065449544654,-0.00116984395875421,-0.0663605526703158,-0.236909725303443,0.0233046888714722,0.532322346799034,0.000174644799819353,0.000206552619700364,-0.257265325623877,-0.0663040739506797,0.000656065449545033,0.000174644799819701,-0.972045796438919,-8.8976708445859E-05,-0.000459258774694732,0.000353980142477693,-0.00116984395875443,0.000206552619700278,-8.89767084457961E-05,-0.974787759985695,0.00633360000128893,-0.000851292299348963,-0.0663605526703084,-0.257265325624376,-0.000459258774698785,0.00633360000128912,0.709989708931569,0.0862907533745484,-0.236909725304094,-0.0663040739506817,0.000353980142479143,-0.000851292299348451,0.0862907533745526,0.708909324513702
44,0.67067590148371,0.00599234352228309,0.000558997128524431,-0.00117278560835208,-0.0639393519202667,0.162355864038071,0.00599234352229352,0.670386211033018,0.000284196106606294,-0.000690327094183962,0.161672731771674,-0.0633718495219988,0.000558997128524053,0.000284196106606514,-0.971046766147781,-6.00666641146211E-05,-0.000681714716700143,0.000322961413098217,-0.00117278560835358,-0.000690327094183878,-6.00666641145953E-05,-0.9735959007972,0.00634422987479718,-0.00188460199363849,-0.0639393519202591,0.161672731771683,-0.000681714716699566,0.00634422987479861,0.699892835324772,0.079865660240578,0.162355864038071,-0.0633718495220041,0.000322961413098464,-0.00188460199363936,0.0798656602405832,0.699479598837704
45,0.431819285967311,0.177117888828527,-0.00196390058927988,0.00989456327103081,0.0877469036577996,0.132317366954671,0.177117888828539,0.43602877507263,0.00159326633598155,-0.0136198438272159,0.126599935157308,0.0876294820107686,-0.00196390058928121,0.00159326633597988,-0.969535122432068,-0.000138863449726232,-0.00138696461187136,0.00155119248139505,0.0098945632710559,-0.0136198438272161,-0.000138863449726173,-0.971874799937413,0.0160485504998342,-0.0112127741407202,0.0877469036578235,0.126599935157317,-0.0013869646118716,0.0160485504998326,0.618183726424878,-0.0800247972871085,0.132317366954674,0.0876294820107803,0.00155119248139654,-0.0112127741407186,-0.080024797287148,0.608489713756875
46,0.507343845327959,0.129006711043277,-0.00164129705099087,-0.0129838769105706,0.170989567930495,-0.252229955668274,0.129006711043276,0.515334545130297,-0.00201140213864562,0.00277293343114926,-0.241822243712544,0.174448649609118,-0.00164129705099065,-0.00201140213864519,-0.968343616399016,-4.0377910116295E-05,-0.00191348310544782,-0.002442824070074,-0.0129838769105876,0.00277293343114916,-4.03779101162949E-05,-0.970523691135432,0.00558420549321091,-0.0130687676384959,0.170989567930492,-0.241822243712553,-0.00191348310544677,0.00558420549321146,0.541216240484095,0.107183500605701,-0.252229955668277,0.174448649609097,-0.00244282407007483,-0.0130687676384898,0.107183500605718,0.537997260163118
47,0.284834878108905,0.129145683385822,-0.00228793017748861,-0.00207979897490121,0.0307201616781628,-0.0354578903421577,0.12914568338582,0.300604623519625,0.000216032639749963,0.00130230673778542,-0.0368848446981546,0.0323108483072536,-0.00228793017748757,0.000216032639750285,-0.947265994263287,0.00243786343611333,-0.00280069350884104,0.000858234781615933,-0.00207979897490305,0.00130230673778546,0.00243786343611247,-0.972993026180563,-0.00716572364058912,0.00140845296738324,0.0307201616781643,-0.0368848446981515,-0.00280069350883976,-0.00716572364063305,-0.516883833404665,-0.102582745938447,-0.0354578903421488,0.0323108483072461,0.000858234781603572,0.00140845296738574,-0.102582745938444,-0.413999517412126
48,-0.072984856279065,0.185216592166118,-0.000217739654766787,-0.00127269862658841,-0.0712077026325438,-0.0707622263115945,0.185216592166126,-0.00306801658298346,-0.00424684724912377,-0.000997648722392751,-0.0689538039732442,-0.0723319387798799,-0.000217739654762955,-0.004246847249124,-0.972481435922099,-0.00149803669974421,0.00215455241653373,0.00162142940771174,-0.00127269862659149,-0.000997648722392962,-0.00149803669974371,-0.962985162465981,0.0017025071609784,0.00272028015714665,-0.0712077026325912,-0.0689538039732586,0.00215455241653488,0.00170250716097865,0.611143737484824,-0.191602263016318,-0.0707622263116156,-0.0723319387799052,0.00162142940771219,0.00272028015714805,-0.191602263016315,0.61203876444746
49,-0.304628470934981,0.0775268440902847,-0.000481576359556699,-0.000535672267716183,-0.000885094900618277,-0.141626705799433,0.0775268440902563,-0.283470084541253,-0.00149613130241851,-0.00266256622618243,-0.112155960661145,0.0221264981937752,-0.000481576359556287,-0.00149613130241801,-0.962793661908232,0.00155559934876384,0.00138143472374338,0.000712583142905528,-0.000535672267718867,-0.00266256622618262,0.00155559934876347,-0.964981919732731,0.00106041384181929,0.00354266689295927,-0.000885094900500996,-0.112155960661202,0.00138143472374057,0.00106041384181421,1.13444773727357,-0.202129532886391,-0.141626705799479,0.0221264981938311,0.000712583142906279,0.00354266689295959,-0.202129532886399,1.37743821195843
50,-0.8038245844279,-0.00373752329394137,0.000543787907572025,0.000279005277277588,0.00610464044366812,-0.053373554610398,-0.00373752329395404,-0.8073159533785,-7.3996236639141E-05,0.000410692542682918,-0.0299084547819247,0.00847105934128217,0.000543787907571059,-7.39962366408763E-05,-0.959727822833048,0.00387864343398648,-0.000134299868692259,0.00173694096207166,0.000279005277277616,0.000410692542680837,0.00387864343398642,-0.95270536639485,-0.000506313721244402,0.000775149464159549,0.00610464044369444,-0.0299084547819834,-0.000134299868692248,-0.000506313721247948,0.699737294387307,-0.132062313232635,-0.0533735546104061,0.00847105934127612,0.00173694096207587,0.000775149464158283,-0.132062313232624,0.698181241501039
51,-0.843746355021086,-0.0179432435275126,0.000467717661579904,0.000753481818075109,0.100683223283815,-0.104752383891667,-0.0179432435275102,-0.849164079663719,0.000692640114299476,0.00100870595016663,-0.11262632583719,0.0973850215200684,0.000467717661582051,0.000692640114299397,-0.958288706351739,0.00363189637355624,0.000462725230563923,0.0017909907602277,0.000753481818078272,0.00100870595016505,0.00363189637355621,-0.941368006799375,0.000650352122531446,0.00153227358291702,0.100683223283822,-0.112626325837196,0.000462725230562993,0.00065035212252782,0.520055317447209,-0.133461952608491,-0.104752383891676,0.0973850215200495,0.00179099076022931,0.00153227358291605,-0.133461952608476,0.542099013704373
52,-0.415421635203935,0.000305320179341374,0.00027728952339638,0.000609525630999346,0.0526492702537264,-0.141565152691221,0.000305320179342226,-0.452839683744057,-0.000134953457822495,0.000781447616639558,-0.135166359441456,0.0522927273469138,0.000277289523398702,-0.000134953457822218,-0.959729878471431,0.00260813284328137,0.000892035654140836,0.00174188706627044,0.000609525630997559,0.000781447616640722,0.00260813284328102,-0.90687074172445,0.00095014791171391,0.00145029261738792,0.0526492702537594,-0.1351663594415,0.000892035654140062,0.000950147911710374,-0.0288405632199781,-0.101800324410993,-0.141565152691237,0.0522927273469097,0.00174188706627143,0.00145029261738709,-0.101800324410979,-0.0805903172975316
53,-0.119020161012218,-0.0162850186817372,-3.67569693205156E-06,-0.000823353337576784,0.0114918605851256,0.00298410666282884,-0.016285018681756,-0.158005373448596,-0.00038712054928615,0.000435681202874044,-0.00149661880332927,0.0333285583198504,-3.6756969309231E-06,-0.000387120549285069,-0.959117078173943,0.00123534562321804,0.000893073058088508,0.00142252655359946,-0.000823353337578119,0.000435681202877015,0.00123534562321804,-0.937000755721395,0.000727431818967188,0.00121044452209992,0.0114918605851519,-0.00149661880336224,0.000893073058088382,0.000727431818964589,-0.173205123558255,-0.0646252361881914,0.00298410666285137,0.0333285583198693,0.00142252655359858,0.00121044452209945,-0.064625236188177,-0.144268827998284
54,-0.0656829279600177,-0.0832773996683564,-0.000680742939847103,-0.00091488889182047,0.0171803259030033,0.114619252111932,-0.0832773996683723,-0.0882610321633197,-0.00063410147897873,4.10122371821276E-05,0.186575759489482,0.0562385640400886,-0.000680742939849791,-0.000634101478976457,-0.944070005016359,-0.00180725920792145,0.000372782441225755,0.000503718183233054,-0.000914888891820127,4.10122371851742E-05,-0.00180725920792221,-0.996133912509536,0.000189344742932668,0.000916542279476218,0.0171803259030163,0.186575759489424,0.000372782441225731,0.000189344742932384,0.149145305636813,-0.0397397732644329,0.114619252111916,0.0562385640401128,0.000503718183227901,0.00091654227947613,-0.0397397732644165,0.143569562565668
55,-0.310952086015426,-0.0423735319161436,-0.00172895576361326,-0.000589369854372553,0.0859028554899769,-0.0266168144847793,-0.0423735319161215,-0.313425451650672,-0.00483750075252553,-0.000309056221143035,-0.0166465068764072,0.103332756070502,-0.0017289557636141,-0.00483750075252964,-0.976454205665095,-0.00283116209151863,-0.00133282325921827,-0.00102840160232657,-0.000589369854372634,-0.000309056221142618,-0.00283116209151952,-1.02701644978385,-0.000309443201139765,0.000592015208012755,0.0859028554899947,-0.0166465068764124,-0.00133282325921997,-0.000309443201139306,0.304630417413089,-0.0987084763218758,-0.0266168144847862,0.10333275607052,-0.0010284016023331,0.000592015208012324,-0.0987084763218662,0.307918214283305
56,-0.865277001142557,-0.0032081687552565,-0.000262666597693944,-0.000232441782151471,0.122537377287375,-0.0728408889903959,-0.0032081687552602,-0.854922710172154,-3.5207471187054E-05,-0.000370662251792707,-0.0737945212609174,0.10571113017573,-0.000262666597694033,-3.52074711878218E-05,-0.977856096203391,0.000744935564463905,-0.00325371984142397,-0.012180722542923,-0.00023244178215156,-0.000370662251792783,0.000744935564463229,-0.957785243482175,-0.000372758786892806,-0.000288821173911797,0.122537377287375,-0.0737945212609195,-0.00325371984142504,-0.000372758786896815,0.378300361048465,-0.221990580062951,-0.0728408889903956,0.105711130175741,-0.0121807225429798,-0.000288821173911529,-0.221990580062945,0.442903243624476
57,-0.649350122120956,-0.0487142497512341,-0.000581667043399793,0.000101186453937598,-0.0207125793602894,-0.0848078445102966,-0.0487142497512447,-0.65331977522961,-0.000469646188385173,-0.000530944961883868,-0.0955621028237417,-0.00252907245460705,-0.000581667043400814,-0.000469646188384798,-0.976138241462533,-0.000374872203271586,-0.000927700483655533,-0.00165203795441632,0.000101186453937492,-0.000530944961884971,-0.000374872203271765,-0.979243252507196,-0.000552951664970451,-0.000357901513421168,-0.0207125793602617,-0.0955621028237227,-0.000927700483658113,-0.000552951664976071,0.526786285252234,-0.112929405233349,-0.0848078445102858,-0.00252907245460653,-0.00165203795441248,-0.000357901513423151,-0.11292940523335,0.621905016394189
58,0.305786073013553,-0.06029250680473,-0.00227724488174869,0.00148166253425159,-0.249927016276641,-0.26461812921062,-0.0602925068047374,0.322026891649712,-0.00632245686089105,-0.0013947333991684,-0.314613907628379,-0.203031466976787,-0.00227724488174781,-0.00632245686088525,-0.974701117547201,0.000198603738328007,-0.00398192026786396,-0.00122654943062676,0.00148166253421545,-0.00139473339916544,0.000198603738327992,-0.975910300718408,0.00412701202230156,0.00290356593137984,-0.249927016276643,-0.31461390762853,-0.00398192026776478,0.00412701202230036,0.467341370818417,0.0809220561317603,-0.264618129210403,-0.203031466976774,-0.00122654943063223,0.00290356593137834,0.0809220561316887,0.503020047057267
59,0.047881420256241,-0.0492504023479475,9.44781117722931E-05,0.00256630105370336,-0.241526473946294,-0.653548477527884,-0.0492504023479624,0.0420569728477597,0.00392753514428943,-0.00252178907600789,-0.116182609339278,-0.178299943233114,9.44781117161522E-05,0.0039275351442862,-0.973220466455814,0.00103799710039626,0.00201705884591467,-0.0130976721294811,0.00256630105370646,-0.00252178907597219,0.00103799710039639,-0.971999529489221,0.0044671566255342,-6.60311563072721E-06,-0.241526473946243,-0.116182609339531,0.00201705884592452,0.00446715662553218,0.462785824107583,-0.143320351722807,-0.653548477531971,-0.178299943233093,-0.0130976721296631,-6.60311561463873E-06,-0.143320351722865,0.541854214951123
60,0.0540799769900103,-0.0990601004879732,0.00722025397078797,0.00487536933998829,-0.101811001741751,0.0572877317745655,-0.0990601004879777,0.0783269410510289,0.00426389720181388,0.00133969593173713,0.0208957599182541,-0.0583419184764831,0.00722025397078437,0.00426389720181476,-0.970622225454476,0.00213797179915229,0.00253150681390419,-0.00310039019299517,0.00487536933999387,0.00133969593170214,0.00213797179915246,-0.971003824550596,0.00264083319271548,-0.00293743241816356,-0.101811001741679,0.02089575991828,0.00253150681390586,0.00264083319271761,0.455216673914307,-0.149985383062738,0.057287731774598,-0.0583419184764631,-0.00310039019300075,-0.00293743241816524,-0.149985383062791,0.592922268710787
61,0.391257366234811,-0.161241450266911,0.0166905096626969,0.00204963711791692,-0.00875572263296189,-0.00130332443190439,-0.161241450266905,0.42411278187237,0.00609181030475774,0.00230087452707683,0.022626878013257,0.0102807504702498,0.0166905096630536,0.00609181030475785,-0.965819968621971,0.00482094713523679,-0.00128280486117287,-0.00223166412014213,0.00204963711791216,0.00230087452709764,0.00482094713523688,-0.970512427262688,-0.000500496708797906,-0.00211346730446025,-0.00875572263294069,0.0226268780131686,-0.00128280486118537,-0.000500496708796695,0.464091291432136,-0.0838110371393843,-0.00130332443193182,0.0102807504702641,-0.00223166412013921,-0.00211346730446298,-0.0838110371394132,0.652692167255119
62,0.573905713971031,-0.081726594114642,-0.00268058311561378,-0.00214682468519187,0.0399948805526966,-0.0235244923525468,-0.0817265941146553,0.596232761524099,0.00456164292691994,0.00149118146152404,-0.0177264374834695,0.0451746368397437,-0.00268058311563403,0.0045616429269157,-0.959331362386533,0.0168854314293342,-0.00588941006407086,-0.00186605715321516,-0.0021468246851801,0.00149118146152983,0.0168854314293328,-0.955436797544403,-0.00353417594006328,-0.00159158519228137,0.0399948805526785,-0.017726437483501,-0.00588941006407213,-0.00353417594006289,0.721465993455269,-0.00122879817887723,-0.0235244923525791,0.0451746368397521,-0.00186605715321005,-0.00159158519228377,-0.00122879817888169,0.725670882687317
63,0.705439124074728,-0.00989259822013835,-0.00124600767487612,-0.000483328996055666,0.0572733648955332,-0.0178740633328613,-0.00989259822014513,0.72261483657468,-0.0032952942648417,0.00178936964265195,-0.0233404494037875,0.0665421629315142,-0.00124600767488519,-0.00329529426483287,-0.954699112569996,0.0191719871216665,0.0060040867442513,-0.00183831103810583,-0.000483328996044998,0.00178936964265332,0.0191719871216658,-0.951567117131355,-0.00599103789401059,-0.00168850144509662,0.057273364895515,-0.0233404494037991,0.00600408674426555,-0.00599103789400986,0.792449984830728,0.0323694115730052,-0.0178740633328901,0.0665421629315346,-0.00183831103810034,-0.00168850144509952,0.0323694115729969,0.831283337300824
64,0.840100031108192,-0.00540857331817377,-0.00020403516296674,0.00180266060641766,0.060054533802538,0.0231566103438326,-0.00540857331818009,0.852242444342568,-0.00203827103308471,0.00189758731112799,0.0075778607518999,0.064233991208054,-0.000204035162982976,-0.00203827103308458,-0.940087467106658,0.0113637164164138,0.00668635804255812,-0.00181658420261752,0.00180266060641241,0.00189758731112927,0.0113637164164143,-0.943706808235202,-0.00928014197355608,-0.00221265603235745,0.0600545338027818,0.00757786075190967,0.00668635804254538,-0.00928014197353491,0.813674992656286,0.013431725608416,0.0231566103438141,0.0642339912081161,-0.00181658420261311,-0.00221265603236239,0.0134317256084049,0.841375033711712
65,0.923177020534479,0.000191002300318599,-0.000898261719139389,-0.000327308310328874,-0.0516672147549113,0.0796728368671639,0.000191002300314672,0.926352498925322,0.00087344244046578,0.00202209534771909,0.0969597260432666,-0.117991799388259,-0.0008982617191401,0.00087344244046443,-0.950667468618422,0.00708770813300657,0.0026634079085012,0.000323180672630718,-0.00032730831032526,0.0020220953477206,0.00708770813300702,-0.941697387922185,0.00730424229936082,-0.00122777226659265,-0.0516672147548379,0.0969597260432604,0.00266340790849701,0.00730424229935862,0.133357864674276,-0.0279659474611476,0.0796728368671537,-0.117991799388232,0.000323180672622395,-0.00122777226660204,-0.0279659474611493,0.135862515373161
66,0.863658206431564,0.0389268242130588,-0.00379826050967433,-0.00163585463515042,0.0238963645392203,0.0937363849167327,0.0389268242130753,0.870803125258821,0.00208533890544318,0.00212916333581608,0.110265966989132,-0.0569584279240563,-0.0037982605096926,0.00208533890544186,-0.955614329569279,0.00577519046722985,0.00135018626878773,0.00558001213696834,-0.00163585463514489,0.0021291633358173,0.00577519046723016,-0.953766668200834,0.00133425894817897,0.00809466539811288,0.0238963645391835,0.110265966989133,0.00135018626878648,0.00133425894818082,0.188405260199313,-0.302428661833031,0.0937363849167268,-0.0569584279240424,0.0055800121369989,0.0080946653981176,-0.30242866183285,0.191766877885369
67,0.56703591136685,0.167263430597739,-0.00214306809446398,-0.0022170917715607,0.0109950157161187,0.0525565822673218,0.167263430597754,0.589853771549919,0.00270351528866256,0.00156432736369708,0.0328527423433925,-0.0238362267413057,-0.00214306809446587,0.00270351528866119,-0.955467991354369,0.00561227357472478,0.000875224817287282,-0.000465160644869142,-0.00221709177155615,0.00156432736369676,0.00561227357472501,-0.95458515383984,-0.000832731934660125,0.000824436015597332,0.0109950157162856,0.0328527423434004,0.000875224817287094,-0.000832731934658448,0.332486593846805,0.12831210458841,0.0525565822673155,-0.0238362267413011,-0.000465160644870112,0.000824436015600522,0.128312104588353,0.305249697790085
68,0.271137115359523,0.153898634826987,-0.000585946127177143,-0.00247998060496236,-0.0698094066296856,0.0059717077667553,0.153898634826998,0.185153363149256,0.00304028154643028,-0.00649385515557791,-0.00105078363715489,-0.00138046884109616,-0.000585946127175513,0.00304028154642879,-0.954799727375043,0.00577698479270133,0.000824475540899994,-0.00180601138180706,-0.00247998060495914,-0.00649385515554085,0.00577698479270149,-0.954156032564231,-0.00218848583009992,-0.00157911504323742,-0.069809406629939,-0.00105078363720517,0.000824475540900058,-0.00218848583009855,0.441132048784686,0.0791697147036384,0.00597170776674238,-0.00138046884109787,-0.0018060113818091,-0.0015791150432366,0.0791697147036507,0.365532435425646
69,0.155443931466255,0.0814676556776189,0.00117655558319371,-0.0025872748916946,-0.201566741542345,-0.032480143980826,0.081467655677646,0.272133572347694,0.0031453585393705,-0.0115805028745141,-0.0151354527044897,0.0173827055234905,0.00117655558319738,0.00314535853936888,-0.953791736878478,0.00575463606116007,0.0010756119010471,-0.00226888949203713,-0.00258727489169273,-0.0115805028745357,0.00575463606116021,-0.953084446450938,-0.00330880584016138,-0.00284280936577023,-0.201566741542326,-0.0151354527046312,0.00107561190104698,-0.00330880584016027,0.531565895095889,0.051794960634022,-0.0324801439808475,0.0173827055234027,-0.0022688894920386,-0.00284280936577067,0.051794960634039,0.351204752344088
70,0.0233637808027493,0.0431287994949932,0.00345974752886582,-0.0026038475876665,-0.197465434246427,-0.069644243763442,0.0431287994950117,0.291530905666675,0.00289114793713249,-0.00553337510224068,-0.0246581368895139,-0.466651544280517,0.0034597475288712,0.00289114793713095,-0.952137740830013,0.00508393255775413,0.00159526330636558,-0.00224664772635965,-0.00260384758766591,-0.00553337510225523,0.00508393255775423,-0.951098837018638,-0.00441079302519699,-0.00381505655310537,-0.197465434246377,-0.0246581368899537,0.00159526330636499,-0.00441079302519604,0.521467265861468,0.0308687313220109,-0.0696442437634721,-0.46665154428481,-0.00224664772636021,-0.00381505655310662,0.0308687313220333,0.140762032821929
71,-0.175609008389584,0.0215450624874746,0.00660377578754741,-0.00255486899245919,-0.145190201489287,-0.114614230518492,0.0215450624874801,-0.0201056850900481,0.0017969970484999,-0.00294175418726631,-0.439080011073393,-0.254486817990647,0.00660377578755232,0.0017969970484989,-0.949077547703466,0.00327329911346342,0.00238801750443482,-0.00123992148133079,-0.00255486899245992,-0.00294175418726962,0.00327329911346357,-0.947549231667318,-0.00567521244215621,-0.00471797231215111,-0.145190201489288,-0.439080011071975,0.00238801750443356,-0.00567521244215518,-0.294377249425392,0.010014258952409,-0.114614230518528,-0.254486817990396,-0.00123992148132953,-0.00471797231215294,0.0100142589524338,-0.254737948778047
72,-0.396519350211238,0.0075516503485114,0.0111330280835303,-0.0024433181110966,-0.110468736710813,-0.0306652079093431,0.00755165034850227,-0.367320966019551,-0.00173350799655295,-0.00149063578228973,-0.0943057405123128,-0.119490344780057,0.0111330280835272,-0.00173350799655111,-0.943166742453664,-0.00018083111605007,0.00348012209061682,0.00400142944736996,-0.0024433181110987,-0.0014906357822877,-0.000180831116049822,-0.941407606398367,-0.00745393508008262,-0.00565874866753138,-0.11046873671081,-0.0943057405122985,0.00348012209061479,-0.00745393508008071,-0.407697439317969,-0.0146439517930711,-0.0306652079093724,-0.119490344780085,0.00400142944737104,-0.00565874866753366,-0.0146439517930513,-0.261168070946912
73,-0.585519209780021,-0.00202829012232411,0.0182362323390385,-0.00224757841402657,-0.0913441873208605,0.0648107840424433,-0.00202829012235183,-0.625867868073483,-0.0123646277975634,-0.000411130889947953,-0.0681018575489157,-0.0870107825953844,0.0182362323390072,-0.0123646277975573,-0.93273489407666,-0.00565519970113693,0.00491243173355595,0.0326022279452162,-0.00224757841403018,-0.000411130889943469,-0.00565519970113636,-0.931553466759084,-0.0110213330144136,-0.00673999430025151,-0.0913441873208562,-0.068101857548874,0.00491243173355309,-0.0110213330144067,-0.0808655712343766,-0.0470096161342791,0.0648107840423622,-0.087010782595429,0.0326022279451258,-0.00673999430025419,-0.0470096161342811,-0.0923493271578544
74,-0.6899548739773,-0.00597940019110506,0.0318232907552126,-0.0018850631216741,-0.0823349996708996,0.00727303434878603,-0.00597940019115926,-0.747834449194632,-0.0262652533932129,0.000529917073234503,-0.065431506979331,-0.076078630350481,0.0318232907551102,-0.0262652533932258,-0.919149011889499,-0.0131227433352381,0.00673285346606469,0.0156176648018561,-0.00188506312167939,0.0005299170732398,-0.0131227433352372,-0.91812503642157,-0.0249445182777909,-0.00812677428389217,-0.0823349996709023,-0.0654315069793011,0.00673285346606094,-0.0249445182777436,0.0845573693477176,-0.081737805484093,0.00727303434872924,-0.0760786303505267,0.0156176648019213,-0.00812677428389538,-0.0817378054841768,0.0344221246262354
75,-0.642267071796128,0.0143012073478478,0.0358317285573194,-0.000987153947405827,-0.0812130797216277,-0.0380522485597941,0.0143012073477715,-0.683095729076833,-0.0173411374455846,0.00139966145853862,-0.0682572759020866,-0.0762166344300573,0.0358317285579766,-0.0173411374455949,-0.909334401277377,-0.021825371603619,0.00897768794009934,0.00166337529229345,-0.000987153947412727,0.00139966145854361,-0.0218253716036178,-0.904665439970319,-0.0467596778273126,-0.0101706264061034,-0.0812130797216304,-0.0682572759020733,0.00897768794009464,-0.0467596778273958,0.174678859592644,-0.026951284074038,-0.0380522485598394,-0.0762166344301038,0.00166337529232131,-0.0101706264061075,-0.0269512840740936,0.117223062642506
76,-0.34841331199113,0.160820287056122,-0.0105759223539157,0.00416129553923024,-0.0889737477533994,-0.0898834437004688,0.160820287056212,-0.353312854013474,-0.00665790489001603,0.00219725702563791,-0.0748917555953518,-0.0903683379482827,-0.0105759223539158,-0.00665790489001779,-0.907162131267851,-0.0301443508085165,0.0116187173166762,-0.00221838903408701,0.00416129553923597,0.00219725702564184,-0.0301443508085157,-0.896779934222842,-0.0151061003720249,-0.0137531609893965,-0.0889737477534087,-0.0748917555953576,0.0116187173166703,-0.0151061003720329,0.227093446240414,0.0831527378171716,-0.0898834437004873,-0.0903683379483278,-0.00221838903407456,-0.0137531609894019,0.0831527378171941,0.172889499060645
77,0.228387614092153,0.122476165342743,-0.00216651445704593,0.000600300252465494,-0.111930093572993,-0.149426529752395,0.122476165342733,0.259186637471023,-2.43881457384228E-05,0.0028867688701245,-0.0871027298206246,-0.148411151614547,-0.00216651445703872,-2.43881457402356E-05,-0.909417286792292,-0.0358794676449694,0.0144200094654952,-0.00401475095994904,0.000600300252485564,0.00288676887012696,-0.0358794676449697,-0.896349770954484,-0.011643783621213,-0.0196151620639402,-0.111930093573022,-0.0871027298206527,0.0144200094654874,-0.0116437836212123,0.255088217492691,0.0826222596725628,-0.149426529752383,-0.148411151614491,-0.00401475095994307,-0.0196151620639298,0.0826222596725404,0.211611910449947
78,0.806129854663754,0.0509517335121996,0.00291782120390469,-0.00263130341258415,-0.16818022906318,-0.0792074206766952,0.0509517335122218,0.843752585924362,0.00623262897335684,0.00341213804968679,-0.112151392208465,-0.290716983846573,0.00291782120391249,0.00623262897334974,-0.912695663603373,-0.0367752186575749,0.0165903924950004,-0.00518998803931774,-0.00263130341257726,0.00341213804968768,-0.0367752186575766,-0.900746648963832,-0.0118275618200093,0.0178925058738456,-0.168180229063223,-0.112151392208506,0.0165903924949894,-0.0118275618200079,0.263024499390714,0.0599995139539755,-0.0792074206768149,-0.290716983846169,-0.00518998803931523,0.0178925058738019,0.0599995139539591,0.238623620358969
79,0.939198803010522,0.0227448092107896,0.00575025099655435,-0.00261886775684665,-0.220061845030354,0.00755784228981289,0.0227448092108162,0.95247481059648,0.0188980315082384,0.00370702302817293,-0.176340246144793,0.00843998941720078,0.00575025099655818,0.0188980315082169,-0.915712101988525,-0.030980698038147,0.016150238178634,-0.00614584489988221,-0.00261886775684535,0.0037070230281725,-0.0309806980381494,-0.907027617249259,-0.0129914147200305,0.0127978570197144,-0.220061845030236,-0.176340246144536,0.0161502381786179,-0.0129914147200295,0.252093798762729,0.0375839058877414,0.00755784228979961,0.00843998941684504,-0.00614584489988194,0.012797857019689,0.0375839058877399,0.256308757703321
80,0.68177697990076,0.00812950444458157,0.00740767695994367,-0.00247983417965599,-0.0788435030888368,0.0195690527647362,0.0081295044446048,0.673194341747386,0.0359424168622787,0.00370362994884542,-0.0878115200787661,0.00989981944181101,0.00740767695994444,0.0359424168623793,-0.918302372581488,-0.0180731721619301,0.00970663124945636,-0.00703330165798721,-0.00247983417965717,0.00370362994884421,-0.0180731721619315,-0.913937740728208,-0.014781178107941,0.00712183902108213,-0.0788435030887836,-0.08781152007879,0.00970663124943799,-0.0147811781079405,0.22360372100531,0.0162559258944401,0.0195690527647541,0.00989981944174688,-0.00703330165798858,0.00712183902107388,0.016255925894451,0.265277385955145
81,0.328207612214667,-0.00135501401326066,0.00841219136747292,-0.00235920655489402,-0.0231354336350881,0.014762982925146,-0.00135501401324193,0.313045427908714,-0.00298018297792088,0.0033422296135877,-0.0146741405981646,0.00381772676015205,0.00841219136747207,-0.00298018297792666,-0.920720822416876,-0.00247374753169392,-0.00472078596001991,-0.0079206574403505,-0.00235920655489648,0.00334222961358646,-0.00247374753169405,-0.921984466852313,-0.0173372281880694,0.00472746479551699,-0.0231354336351032,-0.0146741405982175,-0.00472078596002694,-0.0173372281880693,0.181633890196017,-0.00553338164179919,0.0147629829251601,0.00381772676014,-0.0079206574403531,0.00472746479551386,-0.00553338164177902,0.264894049911217
82,0.01752275095703,-0.00863629612447781,0.00903920307021303,-0.00229152813690461,-0.0151424838823013,0.00703832767297812,-0.00863629612446386,0.00525439475149622,-0.0030847452885489,0.00258312992717107,-0.0304868374821933,-0.00118454494393894,0.00903920307021153,-0.00308474528854813,-0.923431377471503,0.00519661956057206,-0.0225137556727889,-0.00882480942166411,-0.00229152813690754,0.00258312992717064,0.005196619560571,-0.935164986167141,-0.0212676876367747,0.00363048886314762,-0.0151424838823057,-0.030486837482154,-0.0225137556727701,-0.0212676876367753,0.134539020775487,-0.0296619810701384,0.00703832767298364,-0.00118454494393237,-0.00882480942166759,0.00363048886314678,-0.0296619810701264,0.253731472208697
83,-0.227397700766634,-0.0151127966903246,0.00943751216780899,-0.0023104157741529,-0.0175389044746586,-0.00154430869465054,-0.0151127966903155,-0.23310375048208,-0.00132602035408496,0.00142585866029823,-0.0466851607484695,-0.00641756738691985,0.00943751216780725,-0.00132602035408233,-0.925127081622125,0.000875517527907034,-0.0349113309509896,-0.00964878281125575,-0.00231041577415553,0.00142585866029926,0.00087551752790499,-0.98072824342083,-0.0286316395636169,0.00315171078007479,-0.017538904474651,-0.0466851607484241,-0.0349113309509455,-0.0286316395636185,0.094020392093708,-0.055656848509112,-0.00154430869465356,-0.00641756738690249,-0.00964878281125952,0.00315171078007518,-0.0556568485091798,0.230538469097557
84,-0.41854033774833,-0.021838447058049,0.00967872245907953,-0.00245644674279243,-0.0235959888760785,-0.0114179991739945,-0.0218384470580454,-0.416231723111288,0.000475383325841851,-4.83939310962345E-05,-0.0640594552645662,-0.0141260953788525,0.00967872245907768,0.000475383325844664,-0.832386532353757,-0.00766307256899269,-0.0355426690055004,-0.00978464271630882,-0.00245644674279379,-4.83939310935342E-05,-0.00766307256899417,-0.85510655315641,-0.0516216698957415,0.00298254390111057,-0.0235959888760661,-0.0640594552645298,-0.0355426690054497,-0.0516216698957463,0.0720253268823059,-0.0128581985177574,-0.0114179991740061,-0.0141260953788296,-0.00978464271631144,0.0029825439011117,-0.0128581985185656,0.196676839903944
85,-0.575247614904607,-0.0302995532665197,0.00977454302674434,-0.00275614079556594,-0.0314661314699241,-0.0241104355947087,-0.0302995532665235,-0.562335941091386,0.00243648570007603,-0.00154913528802538,-0.0872577020574062,-0.0286201298509839,0.00977454302674235,0.0024364857000784,-0.879135930115768,-0.0140868468320822,-0.0242117516399688,-0.00595257390951575,-0.00275614079556507,-0.00154913528802204,-0.0140868468320828,-0.888266353087679,0.137125043888485,0.00290226628398398,-0.0314661314699149,-0.0872577020573852,-0.0242117516399438,0.137125043888522,0.0779540409375889,0.435823039082795,-0.0241104355947293,-0.0286201298509621,-0.00595257390951457,0.00290226628398562,0.43582303908361,0.161216649625207
86,-0.719253679987594,-0.0444323817710807,0.00966699253312941,-0.00314422678334361,-0.0318673422924441,-0.0413004267276105,-0.0444323817710978,-0.69403979741099,0.0048364467840228,-0.00207228797872364,-0.125796982387569,-0.0586358308481862,0.00966699253312722,0.00483644678402442,-0.892938708047341,-0.0170804897622247,-0.0102543139269341,0.00805867169416682,-0.00314422678333976,-0.00207228797872675,-0.0170804897622247,-0.894460462850422,0.0120078750021204,0.00260435722351177,-0.0318673422924575,-0.125796982387567,-0.0102543139269358,0.0120078750021224,0.116524901290798,0.139205360836086,-0.0413004267276382,-0.0586358308481794,0.00805867169416671,0.002604357223514,0.139205360836079,0.14886029847982
87,-0.844614352673203,-0.0865881866792137,0.00916263210404375,-0.00327481793218958,0.00987530198046175,-0.0446211700525749,-0.0865881866792731,-0.892436971468353,0.00805024109883224,0.00203876105470268,-0.199255953315474,-0.109977301571586,0.0091626321040414,0.00805024109883307,-0.89480779556307,-0.0171826849371906,-8.35331923834884E-05,0.00747839783496735,-0.00327481793218371,0.00203876105463804,-0.0171826849371905,-0.89385262218127,-0.00188120702840397,0.00121702208109644,0.00987530198048316,-0.199255953315453,-8.35331923917349E-05,-0.00188120702840356,0.164326669077221,0.0275226866739111,-0.0446211700525941,-0.109977301571583,0.00747839783496659,0.00121702208110014,0.0275226866738778,0.19909112816432
88,-0.860228452124134,-0.0806706296654378,0.00762368718017667,-0.00220684537737306,0.0113025405041731,0.0529776528474797,-0.0806706296653747,-0.672395329435694,0.0122373657656774,-0.0043125860217326,0.124538376507342,-0.133922506633664,0.00762368718017401,0.0122373657656787,-0.891987417095344,-0.015543934699239,0.00989882438701608,-0.000888418956343983,-0.00220684537736982,-0.00431258602172409,-0.0155439346992388,-0.887675412287854,-0.00820768579180933,-0.00615575528837752,0.011302540504174,0.124538376507322,0.00989882438701268,-0.00820768579181039,-0.0166094005879056,-0.0661860639290176,0.0529776528474684,-0.133922506633652,-0.000888418956345285,-0.00615575528837256,-0.0661860639290406,0.112346714552391
89,-0.553829411462626,-0.0511401918662759,0.00204726003946167,0.00376141203219535,-0.0529906867687981,0.0752919943374788,-0.0511401918662629,-0.712369142289868,0.00375457531369151,-0.00765174875487544,0.0601783500187637,-0.0145930646142533,0.00204726003945852,0.00375457531370415,-0.865337383684442,-0.0382093804025616,0.0525834861357899,-0.0106447989115306,0.00376141203219393,-0.00765174875490191,-0.0382093804025618,-0.861148643247421,-0.0109676860684367,0.0194911078448026,-0.0529906867687987,0.0601783500188313,0.052583486135785,-0.0109676860684471,-0.282310506898138,-0.240658118039945,0.0752919943374629,-0.014593064614356,-0.0106447989115273,0.0194911078447992,-0.240658118039937,-0.174336312444165
90,-0.533996612337138,0.043257041073211,0.00806026383386891,0.000477469638417356,-0.00591018928461674,-0.177073692437905,0.0432570410732247,-0.774369217230421,-0.000994311766597861,0.00364343439921721,-0.177302168390502,-0.0799362721605274,0.00806026383386847,-0.000994311766601275,-0.869859040071171,-0.017873883384012,0.00198728817661841,-0.0352873336441281,0.000477469638439715,0.00364343439916807,-0.0178738833840121,-0.864011626896304,-0.01853119168597,0.019728482251627,-0.00591018928466801,-0.177302168390276,0.00198728817661259,-0.0185311916859639,-0.212585306167527,-0.355867439241528,-0.177073692437838,-0.0799362721604859,-0.0352873336441337,0.019728482251621,-0.355867439241535,-0.362418168081
91,-0.825026155552784,0.0158914215293254,0.00930561243613042,0.00392962722999925,0.067134318278337,-0.0114338851732292,0.0158914215293407,-0.712927200500844,0.0136313119600745,-0.0238938714856554,0.0927171249673263,-0.0824934074613088,0.00930561243613906,0.0136313119600765,-0.859521939249844,-0.00745684726600048,0.00540908647906544,-0.0193406009971835,0.00392962722999716,-0.0238938714856675,-0.0074568472660002,-0.854433189093234,-0.0218706812173601,0.033638922125656,0.0671343182783425,0.0927171249673567,0.00540908647906024,-0.0218706812173561,-0.28578556600174,-0.0926532572626123,-0.0114338851732286,-0.082493407461332,-0.0193406009971822,0.0336389221256644,-0.0926532572625939,-0.321715140425511
92,-0.834556387684784,0.00435475470019658,0.00602053592358998,0.00674693592980898,0.0522342435317359,0.00934640433905576,0.00435475470020859,-0.709629965073863,0.0192099013748009,-0.0292684230551947,0.0694547869623696,-0.0738772514672252,0.0060205359236052,0.0192099013748071,-0.842877903948966,0.000525582257971343,0.00831065901331536,-0.0145741202048459,0.00674693592980368,-0.0292684230552376,0.000525582257972213,-0.832386821440419,-0.0255766821022003,0.117687180024563,0.0522342435317404,0.0694547869624302,0.00831065901331168,-0.0255766821021963,-0.213300944538197,-0.00555079611704739,0.0093464043390584,-0.0738772514672924,-0.0145741202048523,0.117687180024478,-0.00555079611700932,-0.217478871901492
93,-0.767836815060196,-0.00284877204175059,0.00178871331962427,0.00840508309004978,0.040591458972958,0.0145935382903211,-0.00284877204174168,-0.649734609933293,0.0197443765437794,-0.0282804897819371,0.0538670755175886,-0.0767627230927038,0.00178871331964124,0.0197443765437861,-0.823398842633815,0.00848827567062595,0.0106405168849736,-0.0150004897437407,0.00840508309004494,-0.0282804897819872,0.00848827567062778,-0.803309489070308,-0.0289597473267017,0.0809511110796217,0.0405914589729588,0.0538670755176477,0.0106405168849719,-0.0289597473266971,-0.131656258487658,0.020582604943441,0.0145935382903235,-0.0767627230928151,-0.0150004897437509,0.0809511110796205,0.0205826049434692,-0.130847512608555
94,-0.643265154957917,-0.0093628584290841,-0.00274142705049851,0.00924916457691452,0.03024023437623,0.017225781012213,-0.00936285842907868,-0.541579235805171,0.0170833383107907,-0.0221385497865519,0.0446680805007246,-0.123571704806512,-0.00274142705048623,0.0170833383107947,-0.807847608963941,0.0156157957688497,0.0123593589041969,-0.0170501278782458,0.00924916457691097,-0.022138549786586,0.0156157957688532,-0.768791804628756,-0.0303673103034784,0.0376853570286718,0.0302402343762288,0.0446680805007733,0.012359358904197,-0.0303673103034725,-0.0424305449459695,0.0351537992367808,0.0172257810122153,-0.123571704806808,-0.0170501278782565,0.0376853570286998,0.0351537992367932,-0.0483482534825557
95,-0.457681066109433,-0.0209707816762723,-0.00681580787404378,0.00971060534386583,0.0151473336510616,0.019770609785542,-0.0209707816762733,-0.378635609304189,0.0123487528258491,-0.012402427718054,0.0414199062842124,0.118550507555108,-0.00681580787404053,0.0123487528258503,-0.786619431098233,0.0131242627792504,0.0132151775584959,-0.0216282604761878,0.00971060534386358,-0.0124024277180651,0.0131242627792567,-0.732939431978652,-0.0237290045172541,0.0223241874814327,0.0151473336510622,0.0414199062842397,0.0132151775584969,-0.0237290045172453,0.0519542732831366,0.0500514776369144,0.0197706097855462,0.118550507554932,-0.0216282604761904,0.0223241874814525,0.0500514776369145,0.0448133215955202
96,-0.210747518960074,-0.0602186422456052,-0.0100981669050841,0.0103036002485774,-0.0146586515123869,0.0225848559875794,-0.0602186422455574,-0.158468185879019,-0.00114499726133561,-0.00207597945661973,0.0507422860221621,0.0130716129873342,-0.0100981669050911,-0.00114499726130921,-0.707339145011696,0.134442737035136,0.0127269955199582,-0.0375564587842047,0.0103036002485756,-0.00207597945661885,0.134442737035109,-0.708524232931578,0.00783957925101139,0.00388589181523426,-0.0146586515123543,0.0507422860222064,0.0127269955199582,0.00783957925102698,0.0785422350274547,0.0690694552080262,0.0225848559875881,0.0130716129873412,-0.037556458784173,0.00388589181524656,0.0690694552080273,0.170298957755214
97,0.0832246132346119,0.000968547866154234,-0.00956039821018916,0.0120058397519939,0.00310184522494713,0.0237332060993036,0.000968547866149331,0.108054876978878,0.0192068657153817,0.00620709885091524,0.0406580750026557,-0.00121815604709641,-0.0095603982103051,0.0192068657153962,-0.674500879173453,0.0934168622912621,0.0100587383426694,-0.0643874008358388,0.0120058397519913,0.00620709885091535,0.0934168622912577,-0.717342893369945,0.0438295235992108,-0.0528869749928141,0.00310184522494585,0.0406580750026677,0.0100587383426653,0.043829523599225,-0.0970341860869328,0.0892062274922876,0.0237332060993141,-0.00121815604709997,-0.0643874008358596,-0.0528869749928297,0.0892062274923119,0.203971229882634
98,0.388837283943623,-0.00433515790604259,-0.0029100135860793,0.0179831993352623,0.0195037058788928,0.0183013899349407,-0.00433515790604054,0.390192748459596,0.0131521132494377,0.0115066930816554,0.0219128077314612,-0.00596273936698871,-0.00291001358609348,0.0131521132494418,-0.670825137597624,0.103749644527836,0.00369481370385835,-0.0446210212423253,0.0179831993352691,0.0115066930816511,0.103749644527835,-0.662023138529169,0.0241002940003265,-0.040951271678041,0.0195037058788943,0.0219128077314716,0.00369481370384724,0.024100294000329,-0.245687384432545,0.0814019459467572,0.0183013899349394,-0.00596273936699835,-0.0446210212423075,-0.0409512716780335,0.0814019459467856,-0.0828544600268923
99,0.656452082380777,-0.00717338630468849,-0.00755038821937971,0.0179626993184875,0.0225463596199459,0.00641088517469328,-0.0071733863046861,0.642026482686902,0.0105967821555665,0.0141846296093485,0.0163368592123505,-0.00795261215834566,-0.00755038821938788,0.0105967821555683,-0.678652803640004,0.114678676623373,-0.00938883724515466,-0.0202384543841595,0.0179626993184914,0.0141846296093428,0.114678676623372,-0.635213590134868,-0.000141556927030555,0.00251001034085473,0.0225463596199502,0.0163368592123857,-0.00938883724517122,-0.000141556927033541,-0.270214856593575,0.00227946701166469,0.00641088517468489,-0.00795261215835837,-0.0202384543841336,0.00251001034085451,0.00227946701165616,-0.103804220176632
100,0.84348541519071,-0.00906544910019365,-0.00816943569839744,0.00478983775536049,0.0226558639766094,-0.00351873436681342,-0.0090654491001916,0.821683285842798,0.00897783713907307,0.015018383272299,0.0133514451649196,-0.00885195787558489,-0.00816943569840165,0.00897783713907389,-0.691377280675743,0.115072836549264,-0.0360798533848344,0.0101946986403385,0.00478983775535544,0.0150183832722962,0.115072836549262,-0.627660757812385,-0.0134297403294476,0.0145826390977006,0.0226558639766147,0.0133514451649636,-0.0360798533848268,-0.0134297403294547,-0.253658481189171,-0.0594278137856982,-0.00351873436681126,-0.00885195787559909,0.0101946986403352,0.0145826390976974,-0.0594278137856667,-0.068199829619335
101,,,,,,,,,,,,,,,,,,,,,,,,,,,,,,,,,,,,
102,,,,,,,,,,,,,,,,,,,,,,,,,,,,,,,,,,,,
103,,,,,,,,,,,,,,,,,,,,,,,,,,,,,,,,,,,,
104,,,,,,,,,,,,,,,,,,,,,,,,,,,,,,,,,,,,
105,,,,,,,,,,,,,,,,,,,,,,,,,,,,,,,,,,,,
106,,,,,,,,,,,,,,,,,,,,,,,,,,,,,,,,,,,,
107,,,,,,,,,,,,,,,,,,,,,,,,,,,,,,,,,,,,
108,,,,,,,,,,,,,,,,,,,,,,,,,,,,,,,,,,,,
109,,,,,,,,,,,,,,,,,,,,,,,,,,,,,,,,,,,,
100,,,,,,,,,,,,,,,,,,,,,,,,,,,,,,,,,,,,
