"Freq [GHz]","im(S(1,1)) []","im(S(1,2)) []","im(S(1,3)) []","im(S(1,4)) []","im(S(1,5)) []","im(S(1,6)) []","im(S(2,1)) []","im(S(2,2)) []","im(S(2,3)) []","im(S(2,4)) []","im(S(2,5)) []","im(S(2,6)) []","im(S(3,1)) []","im(S(3,2)) []","im(S(3,3)) []","im(S(3,4)) []","im(S(3,5)) []","im(S(3,6)) []","im(S(4,1)) []","im(S(4,2)) []","im(S(4,3)) []","im(S(4,4)) []","im(S(4,5)) []","im(S(4,6)) []","im(S(5,1)) []","im(S(5,2)) []","im(S(5,3)) []","im(S(5,4)) []","im(S(5,5)) []","im(S(5,6)) []","im(S(6,1)) []","im(S(6,2)) []","im(S(6,3)) []","im(S(6,4)) []","im(S(6,5)) []","im(S(6,6)) []"
25,0.704453130814865,-0.115738906377215,-3.61559696710278E-05,6.54760660646378E-05,0.11219115654358,-0.0173570916706419,-0.115738906377215,0.6978563966903,1.83093814694147E-06,-9.99036715452024E-05,-0.0202566193293341,0.113510017487945,-3.61559696710428E-05,1.83093814704605E-06,0.111898880364537,-0.00017148052269368,-1.59643928267917E-05,-1.3441420740607E-05,6.54760660646449E-05,-9.99036715452269E-05,-0.000171480522693686,0.107092465433439,9.69020563199767E-06,-2.29107480862346E-06,0.112191156543585,-0.0202566193293349,-1.59643928267992E-05,9.69020563201092E-06,0.285424164635755,0.0813875224990799,-0.0173570916706455,0.113510017487944,-1.34414207405669E-05,-2.2910748086423E-06,0.081387522499086,0.280555809322258
26,0.594502629516902,0.0880546017178526,-6.50343752486264E-06,0.000237149472877837,-0.0337013561706838,0.256743537618558,0.0880546017178631,0.5898474830806,-1.01287506328222E-05,-0.000104512899279922,0.257741405598088,-0.0368461948838767,-6.50343752490751E-06,-1.01287506327938E-05,0.116472706502048,9.88178969587096E-06,-4.51398581891833E-05,1.58963028205667E-05,0.000237149472877828,-0.000104512899279938,9.88178969586187E-06,0.116235836349047,-6.12678014107054E-05,7.28175478285058E-05,-0.0337013561706556,0.257741405598055,-4.51398581891628E-05,-6.12678014106976E-05,0.433634159373421,-0.385250837573009,0.256743537618555,-0.0368461948838708,1.5896302820578E-05,7.28175478285002E-05,-0.385250837573772,0.43226808373494
27,-0.316860592846797,0.127158211129711,2.30151889587291E-05,0.000630024743752322,0.105601309896038,0.275159571493627,0.127158211129704,-0.309711689919678,-7.3390160265512E-06,0.0011476982757991,0.270221044614983,0.100502174215008,2.30151889586422E-05,-7.33901602655192E-06,0.121104275694669,8.81046564681344E-06,-5.75080660899482E-05,9.06816757792091E-05,0.000630024743752314,0.00114769827580206,8.81046564681671E-06,0.120818734688396,-0.00267840469468495,0.000646426108219699,0.105601309896032,0.270221044614952,-5.75080660898551E-05,-0.00267840469468435,0.568934084677031,-0.101609036906103,0.275159571493581,0.100502174215,9.06816757792426E-05,0.000646426108219675,-0.101609036905982,0.582206891369211
28,-0.360939682708217,-0.00945647474118567,3.99130559475858E-05,0.00227524929782932,0.28424787438824,0.126571904971994,-0.00945647474118715,-0.372085170373527,7.51347676092586E-05,2.70320593590959E-05,0.128170889349504,0.270037044190261,3.99130559474624E-05,7.51347676094549E-05,0.125864262751587,1.57069767136908E-05,-4.06141762974016E-05,-8.32479409381726E-06,0.00227524929782993,2.7032059359115E-05,1.57069767136848E-05,0.12547845481353,0.000243535262216602,0.00199736771199581,0.28424787438822,0.128170889349671,-4.0614176297108E-05,0.0002435352622167,0.588142274196359,-0.260239189670469,0.126571904972035,0.270037044190287,-8.32479409398377E-06,0.00199736771199554,-0.260239189670178,0.607181338492848
29,-0.223025837275836,-0.216390589126977,4.31225522157468E-06,-0.00323815554350776,0.0715471115163457,-0.636461503556208,-0.216390589127024,-0.229085389152647,0.000185507195042057,-6.42374509112236E-05,-0.597316346392458,0.0748041925976574,4.31225522148039E-06,0.000185507195030179,0.130896139375073,3.74294677626033E-05,-1.66635297980542E-05,7.05949604912239E-05,-0.00323815554350551,-6.42374509112337E-05,3.74294677625825E-05,0.130167816494667,0.000211067351568349,0.00257201385686125,0.0715471115163104,-0.597316346392963,-1.66635297974937E-05,0.000211067351568379,0.398988355199852,-0.195678239487391,-0.636461503556052,0.0748041925976551,7.05949604911028E-05,0.00257201385686122,-0.195678239487383,0.341662599018598
30,-0.380933791362376,0.0109609208771297,-0.000164571028371898,-0.000244574341006497,-0.0254270677472153,-0.354188881041271,0.010960920877132,-0.380900750675498,-0.000206911283978906,-0.000126641340206417,-0.354119372084264,-0.0256053971196995,-0.000164571028371897,-0.000206911283978824,0.136829250838811,0.000127116389738664,-0.000413566133046771,0.000326339825570193,-0.000244574341006467,-0.00012664134020642,0.000127116389738661,0.134841114346871,0.00019866418593998,-0.00027921236373366,-0.0254270677472109,-0.354119372084255,-0.000413566133046687,0.000198664185939905,0.574221540151369,-0.165881966401636,-0.354188881041277,-0.0256053971196969,0.000326339825570108,-0.000279212363733681,-0.165881966401635,0.574587394969183
31,-0.64748367711337,0.137389213839115,0.000147868059943546,0.00712765933108786,-0.0628748427822401,-0.235845256505413,0.137389213839111,-0.646682772909713,0.0197943916878963,-0.000709063085181122,-0.23240623853517,-0.0621389098305214,0.000147868059939445,0.0197943916879531,0.177574482317474,0.00327220902497669,-0.0351163355717326,0.0067711357897761,0.00712765933108636,-0.000709063085180123,0.00327220902497949,0.137135743666513,0.000415648145342506,-0.0580752486945857,-0.0628748427822239,-0.23240623853517,-0.0351163355717778,0.00041564814533928,-0.0407039722806561,-0.179025386342254,-0.235845256505406,-0.0621389098305243,0.00677113578977714,-0.0580752486945989,-0.179025386342238,-0.0419576248384583
32,-0.433345721319567,0.195981001052778,-0.0106443496262883,-0.00140306677492885,0.0123685064115421,-0.0508698157270172,0.195981001052778,-0.431352436759485,-0.00233602368079051,-0.000515212061008392,-0.0483323526762917,0.0220456676006637,-0.0106443496262992,-0.002336023680795,0.120874371237866,0.000709162840498631,0.00175719614397879,0.000957509286904601,-0.0014030667749283,-0.000515212061009646,0.000709162840499565,0.147056438130943,0.001960896897263,-0.000569096665351577,0.012368506411003,-0.0483323526763505,0.00175719614397452,0.00196089689726256,0.092630013755454,0.904808325136226,-0.0508698157270171,0.022045667600729,0.000957509286904523,-0.000569096665351321,0.904808325136595,0.0913466011773314
33,-0.624357831989096,0.134546514359363,0.000560831817965661,0.000821803013677159,0.000618711594002577,0.424393132155195,0.13454651435934,-0.622620566270304,0.000977245121140345,0.000312218126304201,0.427086350469753,0.016367916846018,0.00056083181796554,0.000977245121139744,0.153087409663663,0.000204566781758563,-0.00225785241632534,0.00355644272515475,0.000821803013677273,0.000312218126304271,0.000204566781758714,0.148838881220203,0.00357306517347058,-0.00196977754150782,0.000618711593931683,0.427086350469704,-0.00225785241632469,0.00357306517346764,0.252139358787885,0.0289589239966069,0.4243931321552,0.0163679168460344,0.00355644272515396,-0.00196977754150643,0.0289589239965421,0.248625186354682
34,-0.785744922861485,0.0394447320687139,0.000145076036071483,0.00153261707428514,-0.0371229544031473,0.501048551298928,0.0394447320687068,-0.785724684756919,0.00110278243088153,5.66846961669197E-05,0.50218618751548,-0.0330786237392498,0.000145076036071484,0.00110278243088103,0.156363878250034,9.46568018297007E-05,-0.00155409218850574,0.000991190616426605,0.00153261707428499,5.66846961670354E-05,9.46568018297324E-05,0.153925056094499,0.000931094800207568,-0.00153119651353069,-0.0371229544031453,0.502186187515437,-0.00155409218850557,0.000931094800207322,0.373505140354174,-0.0452770948472036,0.5010485512989,-0.0330786237392558,0.000991190616426503,-0.00153119651352937,-0.0452770948472417,0.366509457416529
35,-0.734135380947764,-0.0845682171432922,0.000168278226244031,-0.000333019770941774,0.00910781635380931,0.328709204545124,-0.0845682171432826,-0.731631518540076,0.000718191944368261,-0.000340476932867692,0.331876608459734,0.00432243055622254,0.000168278226244061,0.000718191944369553,0.161192796847055,7.16838978308889E-05,-0.00109925902433479,0.00062619697646029,-0.000333019770941567,-0.000340476932866216,7.16838978308687E-05,0.158845224380831,0.000780782963044272,-0.00114400325648904,0.00910781635380351,0.33187660845972,-0.00109925902433492,0.000780782963044397,0.360952741128004,-0.0709830432873853,0.328709204545144,0.00432243055623446,0.000626196976460128,-0.0011440032564885,-0.0709830432873605,0.355109991548151
36,-0.503087835892308,-0.531586174833523,0.00102866818888607,0.000114711355035853,0.113981243105351,0.150676765874108,-0.531586174833738,-0.501174033568758,-0.000108476570661859,0.000990928254291756,0.147392545109659,0.116000696073171,0.00102866818888616,-0.000108476570661972,0.166261159189388,7.5165680613056E-05,-0.00104355501805083,0.000682029974396769,0.000114711355036289,0.000990928254291899,7.51656806130653E-05,0.163743974239545,0.000817953573249242,-0.00141431542277628,0.113981243105335,0.147392545109676,-0.00104355501805018,0.000817953573249452,0.0217571647742065,-0.075790529457189,0.150676765874132,0.116000696073244,0.000682029974396506,-0.00141431542277724,-0.0757905294571364,0.0333784565786429
37,0.103621716609614,-0.192956697306928,0.000600377053492021,9.62260853541731E-05,0.0853061718388788,-0.164831927338785,-0.192956697306922,0.104546684352644,0.000320651664410229,0.000752553438119952,-0.193147436399396,0.0736227798697107,0.000600377053492033,0.000320651664410455,0.171145560251232,0.000109711813403096,-0.0019697067052243,-0.00161336064606108,9.62260853541756E-05,0.000752553438119936,0.000109711813403038,0.168668146819834,-0.00238018210259698,-0.00318875400050757,0.0853061718388751,-0.193147436399423,-0.00196970670522325,-0.00238018210259757,0.199532712481759,-0.209268053648147,-0.164831927338738,0.0736227798697062,-0.0016133606460605,-0.00318875400051622,-0.209268053648157,0.188322487209327
38,-0.795400984689364,-0.0282378069537278,-0.000592791661491259,-0.00248603720156984,0.0950499938027378,-0.445612257094589,-0.0282378069537298,-0.800849584728424,-0.000531800904724434,-0.000679454740902644,-0.454722369239627,0.100973521327845,-0.000592791661491562,-0.00053180090472498,0.177205278436246,-0.000379030291761909,-0.00160537756028101,0.00030994345011076,-0.00248603720156934,-0.000679454740902667,-0.000379030291762261,0.173787384315014,0.000546485300769339,-0.00101561485115521,0.0950499938027383,-0.454722369240004,-0.00160537756028331,0.000546485300769449,0.232904115212135,-0.297478012587132,-0.445612257095358,0.100973521327845,0.000309943450110831,-0.00101561485115486,-0.297478012587143,0.240396461103903
39,-0.580109047701053,0.0476127795572388,0.000468135210941473,-0.00159684530211406,-0.0244422998772087,0.128776950414593,0.047612779557244,-0.606860872605948,-0.000400404624655017,0.00281647540586261,0.103532733214299,-0.0361619336690139,0.000468135210941604,-0.00040040462465493,0.189595474820729,-2.45387330152616E-05,-0.000156287978237171,0.000592827870939355,-0.00159684530211366,0.00281647540586229,-2.45387330152487E-05,0.178601404681919,0.00590853807818344,-0.00094017059357635,-0.0244422998771759,0.103532733214193,-0.000156287978236899,0.00590853807818367,0.361462517373614,-0.275532994517329,0.128776950414445,-0.0361619336690128,0.000592827870939995,-0.000940170593576433,-0.275532994517331,0.341011766027213
40,-0.255382376797096,0.286234614086606,-0.00113592347179003,0.00366591065903055,0.0229063547000976,-0.19618502063625,0.286234614086603,-0.264019250056997,0.000137445786054738,-0.00310475894024874,-0.188398999505048,0.0340821675458136,-0.00113592347178956,0.000137445786054748,0.195405094213809,-1.24960454504927E-05,3.57262321364605E-07,0.000308074750897016,0.00366591065903271,-0.00310475894024902,-1.24960454505449E-05,0.183458420356736,0.00729194148682001,-0.00159998279111255,0.0229063547000979,-0.188398999503897,3.57262321965728E-07,0.00729194148682012,0.293569107869216,-0.118844184572013,-0.196185020635471,0.0340821675458099,0.000308074750896106,-0.00159998279111224,-0.118844184572028,0.293894616220553
41,0.193889491345512,0.449412024624129,6.73986056712342E-05,-4.5910698978055E-05,0.086744299903989,0.0645871111199383,0.449412024624103,0.206043105642478,0.000361758437755849,0.00229011111667392,0.0602585176296395,0.0791147281623529,6.7398605671243E-05,0.000361758437756248,0.200993464375129,4.65393646715278E-05,-0.00054238549444189,-0.000278645095068989,-4.5910698979888E-05,0.0022901111166735,4.65393646715028E-05,0.18801199980921,0.00625138235445654,0.00205847461589196,0.0867442999040663,0.0602585176294942,-0.000542385494442849,0.0062513823544569,0.111643057613576,-0.0280739385263843,0.0645871111198298,0.0791147281623176,-0.000278645095069147,0.00205847461589849,-0.028073938526396,0.0946170184514911
42,0.438898707101134,-0.141667045142147,0.00109327517355074,0.000332215202484599,0.0522720725833259,-0.0114422269184766,-0.14166704514216,0.449999594434839,6.16576084487894E-05,-0.00274156859755051,0.000983819214434772,0.0495505263122318,0.0010932751735521,6.16576084487169E-05,0.206035267200647,0.000128990304025492,0.000772392219567773,0.00162167585329412,0.000332215202485006,-0.00274156859754999,0.000128990304025537,0.192779043631252,0.0087698897883768,-0.00383309463059567,0.0522720725833411,0.000983819214571066,0.000772392219597717,0.00876988978837645,0.211124058267818,-0.152278224871582,-0.0114422269181609,0.0495505263122235,0.00162167585330501,-0.00383309463059555,-0.152278224871627,0.190364739881348
43,0.360315305255536,-0.0396884769859145,-5.02062990723597E-06,0.000776933975927204,0.0479062097530317,-0.420079414004542,-0.0396884769859218,0.361698710456324,0.000128849467342359,-0.00168678604821955,-0.381278605095093,0.0479239563210382,-5.02062990664443E-06,0.0001288494673424,0.212017187956349,0.000189529405619901,-8.20751492187663E-05,0.000582264472249807,0.000776933975927338,-0.00168678604821929,0.000189529405619938,0.197880476586572,0.00453136178158489,-0.00286401823073256,0.0479062097530345,-0.381278605095572,-8.20751492198258E-05,0.00453136178158525,0.292346682900943,-0.120105923015776,-0.42007941400451,0.0479239563210323,0.000582264472248884,-0.00286401823073278,-0.120105923015795,0.280089097081507
44,0.145959965873029,-0.0372230528039448,-0.000322979004439632,0.00107758626216475,0.0220169263670896,-0.425851539117121,-0.0372230528039446,0.144392102195947,0.000140161314032282,-0.00164611460084048,-0.42548947707117,0.0226879134477794,-0.000322979004439499,0.00014016131403233,0.218027342873258,0.000206189338897003,-0.000524765199822266,0.000348961063121474,0.00107758626216751,-0.00164611460084058,0.000206189338896992,0.203161789535077,0.00191020915345699,-0.00293522205625754,0.0220169263670882,-0.425489477071159,-0.000524765199823818,0.00191020915345696,0.249805036360427,-0.0781222813659663,-0.425851539117127,0.0226879134477753,0.000348961063120829,-0.00293522205625909,-0.0781222813659743,0.218414911482636
45,-0.403173405332241,0.170118859182032,-0.000357564699702572,-0.000836044837656624,-0.173103563424184,-0.381299121122952,0.170118859182042,-0.411198654347458,0.000108022482418387,0.00451302608457115,-0.37460864098187,-0.169812073546089,-0.000357564699701577,0.000108022482418026,0.221766866931476,0.000174102991656775,-0.000846413163119929,0.00188387434652444,-0.000836044837673628,0.00451302608456892,0.000174102991656715,0.208763036210859,0.006395967913534,-0.00469128519632564,-0.173103563424173,-0.374608640981859,-0.000846413163120781,0.00639596791353062,0.02672250807264,0.288729345199244,-0.381299121122971,-0.16981207354611,0.00188387434652539,-0.00469128519632511,0.288729345199193,0.00785551191445932
46,-0.604021975929584,0.0718585150751465,0.000353790280753332,0.00191943545569719,0.154657263525581,0.00743519090015032,0.0718585150751384,-0.606347995348222,-0.000806537444309635,0.0025367326787101,0.0135183104916574,0.155099830089652,0.000353790280753856,-0.000806537444308596,0.22956663956475,0.000116093392730172,-0.00241598588124871,-0.000167282425901107,0.00191943545568901,0.00253673267871008,0.000116093392730146,0.214046788029894,0.00737446145842124,-0.0125236343380898,0.154657263525558,0.0135183104916647,-0.00241598588125055,0.00737446145842433,-0.154582590145764,0.0364417449692879,0.00743519090015016,0.15509983008966,-0.000167282425901566,-0.0125236343380823,0.0364417449692838,-0.169837869548996
47,-0.850709833913487,0.0567165319695418,-0.00101585093102375,-0.00272587416456281,0.165853625582561,0.285301049266642,0.0567165319695414,-0.847829823477764,-0.000634829089579839,9.59534770985775E-05,0.289635646179194,0.165956747615314,-0.00101585093102189,-0.00063482908957947,0.238903343966333,0.00196274365250316,0.000166495139377583,-0.00667240710436392,-0.00272587416456119,9.59534770973212E-05,0.00196274365250434,0.204440482728831,0.00524829943286818,-0.00490637616306409,0.165853625582569,0.289635646179164,0.00016649513938452,0.0052482994328671,0.420040631248485,0.0716421946947252,0.285301049266666,0.165956747615316,-0.00667240710435855,-0.00490637616307501,0.0716421946947353,0.801494428362883
48,-0.56873358339933,0.0632730538481438,-0.00128859541366037,-0.0022001268620343,0.118615368861507,0.20191758126064,0.0632730538481959,-0.555543350253163,-0.00036098025472933,-0.0013619187182971,0.187432810070146,0.114599272919855,-0.0012885954136587,-0.000360980254733409,0.234586326901205,-0.00541560437144991,0.000903679341060088,-0.00118747311176367,-0.00220012686203598,-0.001361918718298,-0.00541560437145069,0.238100064907343,0.00112404159484813,-0.00156788160924229,0.118615368861507,0.187432810070168,0.000903679341059953,0.00112404159484733,0.172132800127247,0.0133701121260258,0.201917581260671,0.11459927291988,-0.00118747311176485,-0.0015678816092445,0.0133701121260281,0.208025294345202
49,-0.717038851168938,3.24905798802407E-05,-0.00111046804718398,-0.000681379648589273,0.06673332870174,0.0731854366756625,3.24905798589643E-05,-0.735288243342048,-0.000558079315003731,-0.00138716275606573,0.0628920400045509,0.0767366485630802,-0.00111046804718532,-0.000558079315001906,0.2373365878115,-0.00671097115440015,-0.000524462203302739,-0.0012948453795032,-0.000681379648596483,-0.00138716275606986,-0.00671097115439998,0.244265125816575,-0.00167276615299556,9.67050712859527E-05,0.0667333287017538,0.0628920400045649,-0.000524462203304831,-0.00167276615299813,-0.285819024371855,-0.0103382204155895,0.0731854366756535,0.0767366485629778,-0.00129484537950112,9.67050712875701E-05,-0.0103382204155903,0.342730506306633
50,-0.658091980700742,-0.0810618956102955,-0.00083747645139798,-0.000834927155486447,-0.0643549396360336,0.0149670937326225,-0.081061895610329,-0.64298705846654,-0.00112398167123091,-0.000474616443078126,0.0143523363603383,-0.0745934498647327,-0.000837476451399472,-0.00112398167122949,0.243312727788959,-0.00665355336476999,0.000122328275293456,0.00122830101655318,-0.000834927155486382,-0.000474616443076085,-0.00665355336476949,0.256475702226901,0.000728708893742612,-0.000282447665008434,-0.0643549396360497,0.01435233636038,0.000122328275295177,0.000728708893743198,-0.40058819186413,-0.127570168028392,0.0149670937326161,-0.0745934498647506,0.00122830101655279,-0.000282447665007619,-0.127570168028365,-0.371350507410384
51,-0.27212990864858,0.0489757392930725,-0.000211613699550353,-0.000388981302012666,0.00334964376061532,0.00183018044802549,0.0489757392930791,-0.277880282047859,0.000799260816155033,0.000810198670862691,0.000230622382088382,0.000784000977317581,-0.000211613699551598,0.0007992608161554,0.252223525647434,-0.00466261236823862,0.00135472935466585,-1.9210133332032E-05,-0.000388981302009803,0.000810198670863204,-0.00466261236823889,0.284817757803489,0.000895417084230939,8.68161542656844E-05,0.00334964376060264,0.000230622382101071,0.00135472935466485,0.000895417084231771,-0.589789820433333,-0.0811526584927899,0.00183018044802967,0.000784000977314358,-1.92101333322881E-05,8.68161542669813E-05,-0.0811526584927909,-0.591400690085752
52,-0.213799641514203,0.0716650380164093,0.00013923107230051,0.000828654811898533,0.0394324350158238,-0.0818592350561063,0.0716650380164104,-0.238466160472934,0.00101733849054711,0.0010298432052439,-0.104187050747623,0.0128828441984138,0.000139231072300973,0.00101733849054708,0.264751924745222,-0.00225199962718934,0.0016069780532025,-0.000499522173387765,0.000828654811905478,0.00102984320524363,-0.00225199962718994,0.292561991423204,0.000329542895535169,0.000331561151502751,0.0394324350158153,-0.104187050747586,0.00160697805320255,0.000329542895536638,-0.64031521035996,-0.0385361398656222,-0.0818592350561052,0.0128828441983855,-0.00049952217338799,0.000331561151503699,-0.0385361398656342,-0.628992566864572
53,-0.400370374062695,0.086549423852535,0.000460091347115178,0.000800274651150542,0.00115705421589462,-0.320553263353589,0.0865494238525334,-0.41510786973806,0.00100073123907369,0.000930561580854685,-0.286625750455582,-0.0343037078600038,0.000460091347117177,0.00100073123907385,0.271086593189322,-6.15297323626633E-05,0.00193432160715998,-0.000954632381509467,0.000800274651150717,0.000930561580854582,-6.15297323628797E-05,0.297093417770446,-0.000201510372830983,0.000417985237816458,0.00115705421590701,-0.286625750455651,0.00193432160716062,-0.000201510372828583,0.0277153940403196,0.0323738577174788,-0.320553263353632,-0.0343037078600229,-0.000954632381510229,0.000417985237816766,0.0323738577174606,0.032740215539117
54,-0.614071046079619,0.0580928910359785,0.000776786617086272,-1.12060015334834E-05,-0.0742265779678959,0.0788018383236719,0.0580928910359173,-0.616983337427039,0.00126946678718081,0.000684691114557613,0.0678352364555742,-0.0936794991466054,0.000776786617088885,0.0012694667871819,0.211779598684321,0.00103393624292276,0.002456797213041,-0.00100388473137577,-1.1206001531656E-05,0.000684691114558371,0.0010339362429243,0.328123203633337,-0.00041436058550814,0.000307734426142961,-0.0742265779678911,0.0678352364556052,0.00245679721304239,-0.000414360585506062,0.202204603507356,0.154982591827185,0.0788018383236959,-0.0936794991466062,-0.00100388473137486,0.000307734426142652,0.15498259182717,0.19017119215236
55,-0.750434492112149,-0.0317292091997758,-0.00064826814604918,-0.00033046021312983,-0.123626721911584,0.0629496971161628,-0.0317292091997729,-0.748432261170185,0.00304198750557245,0.00030132754046273,0.0803448264002622,-0.116707147014822,-0.00064826814605403,0.00304198750559299,0.199441586910721,-0.0031604576974181,0.00262493238221597,0.000569839865260363,-0.000330460213127919,0.000301327540463355,-0.00316045769741956,0.333269211555734,-0.000117765172706154,-9.71873849441562E-05,-0.123626721911585,0.0803448264002613,0.00262493238221748,-0.000117765172707555,0.185124643553226,0.323024322888633,0.062949697116174,-0.116707147014819,0.000569839865265718,-9.71873849443711E-05,0.323024322888632,0.196739504803342
56,-0.41394083138592,-0.00942110745226684,-0.000628174072924359,-0.000442703879155842,-0.0657813331335405,0.0319766457118654,-0.00942110745227007,-0.420023553075126,-0.000987714257343543,-7.1732297666386E-06,0.0369300446161645,-0.0566300255854929,-0.000628174072925205,-0.000987714257343595,0.20808508480485,-0.00194285154619049,-0.000148601357536953,-0.00379181140698428,-0.000442703879154807,-7.17322976878568E-06,-0.00194285154619069,0.215907510253731,0.000441020294522256,-0.000801695818714252,-0.0657813331335399,0.0369300446161725,-0.00014860135753868,0.000441020294520845,0.191546861917258,0.36610677618992,0.031976645711876,-0.0566300255854971,-0.00379181140688172,-0.000801695818710827,0.366106776189927,0.203359590891654
57,0.631733880426549,0.0450250170218588,5.16387992376175E-05,-0.000540599914008949,0.0674103488256089,-0.0144744918270021,0.0450250170218731,0.622192719438715,-0.00017777580675315,0.000343681738728547,0.0153083512753488,0.0919054236564863,5.163879923794E-05,-0.000177775806752411,0.214503033011005,-0.000970568902454794,-0.00315956383396472,-0.000188906970751218,-0.000540599914011003,0.000343681738729423,-0.000970568902454633,0.212435658638914,0.00217098874305495,0.000840810057541991,0.0674103488256214,0.0153083512753227,-0.00315956383396356,0.00217098874304848,0.00671890547568943,0.293413581493982,-0.0144744918270215,0.0919054236564795,-0.000188906970747635,0.000840810057543265,0.293413581493983,-0.0417711391105884
58,0.59793647985849,-0.0976664861687526,-0.000191556827574077,0.00150642667391686,0.098160148921832,0.238940404401533,-0.0976664861687492,0.634034246189989,-0.00100503695567463,0.000785641445985088,-0.286893639286511,0.120653149487805,-0.000191556827572138,-0.00100503695568152,0.220059504986947,-0.00111877481662879,-0.00866611122794322,0.00715275808712625,0.00150642667393483,0.000785641445984921,-0.00111877481662875,0.219250955017098,0.0010891429277303,0.000165739575617019,0.0981601489217968,-0.286893639284824,-0.00866611122796754,0.00108914292772875,0.0051531979720795,-0.0623761275892263,0.238940404401675,0.120653149487803,0.00715275808711948,0.000165739575614687,-0.0623761275892168,-0.0230420442032936
59,0.045657157955975,-0.0671391463685495,-0.00690248957032783,-0.000250134160045434,-0.0434180770356896,-1.07294781396076,-0.0671391463685485,-0.024793985744321,-0.00211532374436783,0.000524433933552153,-0.173383926040463,-0.0320352870272286,-0.00690248957030901,-0.00211532374437422,0.225625501496856,-0.000465452697808229,-0.00642261486189604,-0.0227723467260775,-0.000250134160035415,0.000524433933568952,-0.000465452697808083,0.226213294959345,-0.00263957782481413,-0.00898431018491591,-0.0434180770358359,-0.173383926040502,-0.00642261486189716,-0.00263957782481068,-0.019711779965165,-0.146585522209009,-1.07294781396485,-0.0320352870272208,-0.0227723467260494,-0.00898431018489191,-0.146585522208988,-0.0192139475190899
60,0.593241820762345,-0.0389112949323503,-0.00214609528266941,-0.00226157332139553,-0.0888701988919879,-0.151721117700556,-0.0389112949323459,0.621333200350731,-0.000964314138148698,-0.00278560285892479,-0.176858410665097,-0.0554812442312892,-0.00214609528268613,-0.000964314138151138,0.231358258389455,0.000712930468138645,-0.00881290091989656,-0.00699399566242836,-0.00226157332139614,-0.00278560285886211,0.000712930468138778,0.232148109767035,-0.00567903262497092,-0.00349105375971693,-0.0888701988920513,-0.176858410665082,-0.00881290091990341,-0.00567903262496967,-0.0650106363529817,-0.0502005691825627,-0.151721117700566,-0.0554812442312753,-0.00699399566243009,-0.00349105375971497,-0.0502005691825356,-0.0363077299738224
61,0.641170825157925,0.0608575216038555,-0.0279514808456517,-0.00796536901730811,-0.0672027301551119,-0.0907813908424261,0.0608575216038452,0.6355920737425,0.0011474998774814,0.00620070863003772,-0.0637298925225846,-0.030529364136026,-0.0279514808463332,0.00114749987748283,0.236158845493623,0.00273767891408341,-0.0115741954175309,-0.00443161659940778,-0.00796536901729394,0.00620070863013055,0.00273767891408324,0.227050280942672,-0.00706541185615062,-0.00249455195719813,-0.0672027301551249,-0.0637298925226045,-0.0115741954175307,-0.00706541185615213,-0.172343827717236,0.00535322137425063,-0.0907813908424413,-0.0305293641360092,-0.00443161659940781,-0.00249455195719365,0.00535322137427239,-0.0616235086211424
62,0.569850676305625,0.195070716912444,-0.00517265270346661,-0.00550276018426882,-0.0369928629105504,-0.077039992626131,0.195070716912439,0.556321697599934,0.0063892865490034,0.00715313726868636,-0.0431613966036784,-0.00425682836215859,-0.00517265270345765,0.00638928654899943,0.237860094220981,-0.000434798623259774,-0.00834638244672963,-0.00333694051167338,-0.00550276018426568,0.00715313726871048,-0.000434798623260069,0.232498435308008,-0.00658913774198901,-0.00225294572726581,-0.0369928629105542,-0.0431613966037174,-0.00834638244671771,-0.00658913774199043,-0.212918054839863,0.0214226735223464,-0.0770399926261473,-0.00425682836214077,-0.00333694051167315,-0.00225294572726103,0.0214226735223345,-0.0923522067966592
63,0.462555816072164,0.163143209724648,-0.00319900038979878,-0.00454209603775042,-0.0366083745399141,-0.0823238363881284,0.163143209724665,0.450081461070883,0.0058429208631963,0.00572315096078423,-0.0532171256833466,0.0203892154430356,-0.00319900038979595,0.00584292086319277,0.237814932798599,0.000655476348936274,-0.0139623632524612,-0.00241745662764285,-0.00454209603774437,0.0057231509607853,0.000655476348935392,0.238911559262148,-0.00651187738487473,-0.00269328904982798,-0.0366083745398618,-0.0532171256833829,-0.0139623632524545,-0.00651187738487788,-0.0141983593198354,0.00882505830245119,-0.0823238363881471,0.0203892154430501,-0.00241745662764307,-0.00269328904982358,0.00882505830241922,-0.0465616643724168
64,0.270626692769072,0.0979554201453072,-0.00162741822603935,-0.000795930493466588,-0.107357691593622,-0.0902756367711717,0.0979554201453208,0.261321946322398,-0.00164804147279808,0.00297430404355051,-0.0797637996194183,0.115551430141055,-0.00162741822603891,-0.0016480414727935,0.236698218048207,0.0125470717147714,0.00305126473173897,-0.000741103492622523,-0.000795930493464963,0.0029743040435536,0.0125470717147712,0.241952636002279,-0.0168155455345832,-0.00425993232581482,-0.107357691593288,-0.0797637996194569,0.00305126473173864,-0.0168155455345951,0.347808312383472,-0.0159781612395368,-0.090275636771191,0.115551430141136,-0.000741103492624777,-0.00425993232581137,-0.0159781612395533,0.348623357315693
65,-0.00924104316464358,0.0366447677266449,0.00267572472068301,0.00107540859616435,0.0687890812387404,-0.0590038024800649,0.0366447677266413,-0.00854356424964503,-0.00190594161147464,0.0007649094788506,-0.0741531023278,0.034220910991837,0.00267572472068958,-0.00190594161147315,0.270412129245464,0.0124728317043744,0.00197399848343407,0.00262280094797598,0.00107540859615997,0.000764909478855592,0.0124728317043745,0.270987820136401,-0.0038884573118991,-0.00811816989550772,0.0687890812387215,-0.0741531023278009,0.00197399848342944,-0.00388845731190062,0.316165697889624,-0.0747856409236639,-0.0590038024800774,0.034220910991857,0.00262280094797293,-0.00811816989550825,-0.0747856409236264,0.259808360824251
66,-0.367882117657202,-0.0328361723683854,0.000697119837975962,0.000854530456700945,-0.0225295792469397,0.0181381283318146,-0.0328361723684083,-0.345300525942571,-0.00126280119589259,-0.000509992850174365,0.0540104352334446,-0.0493675947945021,0.000697119837964673,-0.00126280119589209,0.267497343881822,0.0103115001915629,6.85681201127429E-05,-0.00488045805048065,0.000854530456699474,-0.000509992850167871,0.0103115001915631,0.27160926772815,-0.00109078814914597,-0.00255498320149735,-0.0225295792470488,0.0540104352333803,6.85681201089051E-05,-0.00109078814914603,-0.131347763371684,-0.357872880698191,0.018138128331809,-0.049367594794458,-0.00488045805048515,-0.0025549832015077,-0.357872880697625,-0.171004053014249
67,-0.640700800532851,-0.0244404947834066,0.000481661676663539,0.000355692930357717,-0.0845071449834145,0.072617712468844,-0.0244404947833994,-0.637400193025175,-0.00050193852028091,0.000286880257660889,0.076730069379447,-0.0762076537229181,0.000481661676661247,-0.000501938520280882,0.270635416145019,0.00741159158967842,-0.00183985902939292,-0.00433662157628418,0.000355692930357484,0.000286880257664001,0.00741159158967854,0.275352532065103,-0.000162293521545789,0.00069706489336436,-0.0845071449833722,0.0767300693794345,-0.00183985902939559,-0.000162293521545808,-0.287288754981114,0.452312112413353,0.0726177124688488,-0.0762076537229085,-0.00433662157629027,0.000697064893364179,0.4523121124134,-0.336147676328388
68,-0.628293803040422,0.109937217908057,0.00139151603610676,-0.000147096965076313,-0.141069828251784,0.0911742095741959,0.109937217908024,-0.572320719829041,0.000410445560933792,0.00331758932382624,0.0562713143501198,-0.114115248093622,0.00139151603611339,0.000410445560933407,0.275746283317983,0.00392794128495554,-0.00370978134731326,-0.00213815362464659,-0.00014709696507647,0.00331758932382038,0.00392794128495559,0.281623275935493,0.000809520204138253,-0.000500961788361391,-0.141069828251703,0.0562713143501116,-0.0037097813473148,0.000809520204137836,-0.402599003876675,0.208198515906497,0.0911742095742081,-0.114115248093688,-0.00213815362464676,-0.00050096178836087,0.208198515906426,-0.470102988824245
69,-0.598870898186321,0.131292776955569,0.00259607392433061,-0.000636600425342643,-0.077853559810748,0.0974139878035047,0.131292776955549,-0.36614354200689,0.00161352789710942,-0.0116308387462091,0.0290664223601446,-0.215212451422418,0.00259607392434236,0.00161352789710855,0.282137127246004,-0.000152166180320203,-0.0055352210722094,-4.47326772043161E-06,-0.000636600425343302,-0.0116308387461682,-0.000152166180320243,0.289391279390299,0.00197976492743595,-0.00146344111614423,-0.0778535598108472,0.029066422360106,-0.00553522107220991,0.00197976492743489,-0.571744445953306,0.152339915566326,0.0974139878035188,-0.215212451422751,-4.47326771823198E-06,-0.00146344111614408,0.152339915566254,-0.644089781990612
70,-0.640217491910124,0.122918369124986,0.00391374997018187,-0.00113005190886602,0.0481768654504677,0.107660416913704,0.122918369124977,-0.632892790468534,0.00333740162296028,-0.0154740669264239,-0.0243561492851275,-0.698202865667437,0.00391374997019482,0.0033374016229587,0.289785668224405,-0.00480949050142298,-0.00730013374329351,0.00265437228084042,-0.0011300519088675,-0.0154740669264209,-0.00480949050142307,0.298430175903162,0.00345750658241994,-0.00226511715162767,0.0481768654504874,-0.0243561492852315,-0.00730013374329306,0.00345750658241791,-0.93893681249487,0.125950128072682,0.107660416913718,-0.698202865666097,0.00265437228084387,-0.00226511715162822,0.125950128072619,-0.835159012334727
71,-0.646382671977117,0.114771407203609,0.00522765476693358,-0.00165125628314552,0.0951936655062906,0.15053427010137,0.114771407203604,-0.789470741708725,0.00596087284629235,-0.0159908736039675,-0.196382568082335,0.214764035473274,0.00522765476694212,0.0059608728462897,0.298770123535651,-0.00988645893656296,-0.0089711205347256,0.00673250476956213,-0.00165125628314813,-0.015990873603969,-0.00988645893656308,0.308603817466949,0.00544091622093282,-0.00297956777827478,0.095193665506295,-0.196382568076108,-0.00897112053472426,0.00544091622092924,-1.21879174427177,0.108019745361421,0.150534270101384,0.214764035473026,0.00673250476956496,-0.00297956777827614,0.108019745361372,-0.688232895292033
72,-0.560384579384439,0.111300707746067,0.00645568904163378,-0.00223262676534054,0.106484655152696,0.294910923806229,0.111300707746064,-0.708200054196086,0.00987390278119402,-0.0160071706734884,0.155800272626315,0.122993693805955,0.00645568904162888,0.009873902781191,0.308655881486822,-0.0149719666350099,-0.0104899113406872,0.0141571614248631,-0.00223262676534462,-0.0160071706734896,-0.01497196663501,0.319402234481796,0.00837437181021265,-0.00362620903356102,0.10648465515271,0.15580027262633,-0.010489911340685,0.00837437181020612,-0.35295590104486,0.0904799257894476,0.294910923806193,0.122993693805978,0.0141571614248548,-0.00362620903356326,0.0904799257894196,-0.311876272204474
73,-0.369464646560823,0.114704154452539,0.00787503294311731,-0.0029301077125574,0.108765866519395,0.137094117405787,0.11470415445254,-0.461448185946381,0.0126179152464045,-0.0156602740201084,0.107877656638767,0.088105695412518,0.00787503294307937,0.0126179152464086,0.317121730989245,-0.0192922608878905,-0.0117598487650918,0.0124117623093223,-0.00293010771256339,-0.0156602740201085,-0.0192922608878908,0.329262278300087,0.0134245826195279,-0.00417931650567472,0.108765866519413,0.10787765663885,-0.0117598487650886,0.0134245826195147,-0.19417604137237,0.0635278542744456,0.13709411740581,0.0881056954125918,0.0124117623093407,-0.00417931650567788,0.063527854274448,-0.164855690350514
74,-0.0789420505251474,0.130248627252403,0.0129978714537317,-0.00386972910019584,0.10962702953042,0.0891582196701625,0.130248627252419,-0.107139405841235,-0.00161259050627355,-0.0149077883736935,0.0903363166961832,0.0726618136184766,0.0129978714535641,-0.00161259050626333,0.319386922582252,-0.0217032822578682,-0.0126218219766879,-0.0226482308748998,-0.00386972910020499,-0.0149077883736925,-0.0217032822578688,0.33506311129572,0.0226896360418965,-0.0045401979247609,0.109627029530446,0.0903363166962523,-0.0126218219766837,0.0226896360418772,-0.209166375600548,0.000284606299264427,0.0891582196701793,0.0726618136185631,-0.0226482308748669,-0.00454019792476487,0.00028460629926964,-0.138492634283797
75,0.289149195297577,0.17183587454472,0.0594186474428523,-0.00543580695815834,0.111372578486656,0.0767680575332244,0.171835874544801,0.309683551379065,-0.0187128577838139,-0.013710889207019,0.0816157262020557,0.0671346911577152,0.0594186474424236,-0.0187128577838233,0.314166825268696,-0.0209288310743775,-0.0128126522016217,-0.0164759665669584,-0.00543580695817363,-0.0137108892070169,-0.0209288310743788,0.333829532781574,-0.0197976964576973,-0.00440433678250424,0.111372578486682,0.0816157262021058,-0.0128126522016161,-0.0197976964576353,-0.251549734498438,-0.11093659563661,0.0767680575332237,0.0671346911577988,-0.0164759665669679,-0.00440433678250847,-0.110936595636761,-0.149148800268099
76,0.653177931970038,0.168119475564046,0.0303022947099187,-0.00887814641565938,0.114743941293139,0.0607439133210186,0.16811947556413,0.696634119092034,-0.0215798442157759,-0.0120495545183534,0.0769547675803498,0.0699154303865472,0.0303022947100127,-0.0215798442157836,0.307762583371849,-0.0160807414900881,-0.0118972673769419,-0.0117913243926951,-0.00887814641569292,-0.0120495545183505,-0.0160807414900904,0.326988700063213,-0.0160422049820417,-0.00257449788156469,0.114743941293166,0.076954767580375,-0.0118972673769342,-0.0160422049820559,-0.300865915067368,-0.0733192095099163,0.0607439133210039,0.0699154303866022,-0.0117913243927051,-0.00257449788156624,-0.0733192095099611,-0.17201027840705
77,0.784753742596758,-0.00559674326376644,0.0144751154111069,0.00641678932072437,0.118283670342203,-0.00917520465067311,-0.00559674326371589,0.818164984505205,-0.0217053439297045,-0.00992379462901581,0.0745770784310766,0.0789138063873087,0.0144751154110911,-0.0217053439297087,0.304837359744799,-0.00721478521613982,-0.00917771398040116,-0.00876808609345329,0.00641678932071023,-0.00992379462901225,-0.00721478521614273,0.320003078554781,-0.00799179156219676,0.00869340148602374,0.118283670342222,0.0745770784310583,-0.00917771398039072,-0.00799179156220147,-0.353134268909374,-0.0157006630860559,-0.00917520465062735,0.0789138063872189,-0.00876808609346135,0.00869340148604166,-0.015700663086105,-0.200080757671121
78,0.423411583750492,-0.0134926837783872,0.00917344591941051,0.00029466041690571,0.104617626934687,-0.122456302047299,-0.0134926837783366,0.42438255170331,-0.0225428264480273,-0.00735459185060787,0.0717477638280715,-0.179092107220212,0.00917344591938913,-0.022542826448031,0.305317185287006,0.00439266236775249,-0.00365961993481327,-0.00649138731656797,0.000294660416904318,-0.00735459185060389,0.00439266236774988,0.316604738403437,-0.00361293949388481,0.0190569712384925,0.104617626934651,0.0717477638279447,-0.00365961993479966,-0.00361293949388649,-0.406062944195527,0.00360327153552752,-0.122456302047301,-0.179092107218424,-0.00649138731657421,0.0190569712384069,0.00360327153546433,-0.231461747453046
79,-0.218992600772668,-0.00590491429993074,0.00631663613808971,-0.00163333020095993,-0.0233086424951456,-0.0858975328804811,-0.00590491429989755,-0.234227590199816,-0.0237197907881171,-0.00438514260180458,0.0400729413755259,-0.129474208986371,0.00631663613807409,-0.0237197907881372,0.30785052685072,0.016059738106855,0.00555769001767285,-0.00452300991217706,-0.00163333020096274,-0.00438514260180035,0.0160597381068538,0.317087393816986,-0.000548205634967138,-0.00672430980269698,-0.0233086424952367,0.0400729413750757,0.00555769001768783,-0.000548205634967651,-0.455958265631195,0.00481183608856974,-0.0858975328805453,-0.129474208986579,-0.00452300991218178,-0.00672430980268818,0.00481183608850835,-0.265762002957996
80,-0.689558268951518,-0.000494671959011126,0.00451119690770913,-0.00268455981675742,-0.0934276051157556,-0.0435993292102835,-0.000494671958989272,-0.694512180289653,0.0166207564574326,-0.00108170693382579,-0.129192702782923,-0.0667119870529586,0.00451119690770047,0.0166207564574231,0.311287739952375,0.0230903955571122,0.0176806051787279,-0.00261086876700102,-0.00268455981676182,-0.00108170693382133,0.0230903955571122,0.320205707495202,0.00204633784212491,-0.0108169829144023,-0.0934276051156595,-0.12919270278212,0.0176806051787386,0.00204633784212496,-0.496926644686417,-0.00435426823293471,-0.0435993292103043,-0.0667119870530365,-0.00261086876700436,-0.0108169829143951,-0.00435426823298001,-0.302859490092145
81,-0.894204867515074,0.00301998023628406,0.00336496907090133,-0.00339523864591941,-0.0435193582716076,-0.0208859883498195,0.00301998023629867,-0.881773204865327,0.00804063500957412,0.00246646176193154,-0.025823529884839,-0.0492913438911193,0.00336496907089865,0.00804063500958171,0.31451940879084,0.0195489495056841,0.0282456588237388,-0.000548591200759382,-0.00339523864592495,0.00246646176193641,0.0195489495056834,0.32414263045687,0.00459626049791612,-0.0123222873536559,-0.0435193582715703,-0.0258235298848392,0.0282456588237432,0.0045962604979166,-0.521596202413045,-0.0233357881172348,-0.0208859883498164,-0.0492913438911376,-0.000548591200761345,-0.0123222873536511,-0.0233357881172475,-0.342179898839795
82,-0.931197317980532,0.00553260857577529,0.0027185996880787,-0.00387477777536283,-0.0136497766777296,-0.00816215533260034,0.00553260857578481,-0.905211149740973,-0.00225205540655913,0.00614817008228598,0.00772141537089995,-0.0448570692311813,0.0027185996880805,-0.00225205540656125,0.315327557840257,0.00608091277819333,0.0326729438751016,0.00191863516554441,-0.00387477777536899,0.00614817008229166,0.00608091277819158,0.324290645834111,0.00749950236687036,-0.0132204698427736,-0.0136497766777165,0.00772141537091355,0.0326729438751098,0.00749950236687141,-0.523472831795713,-0.0575989713440492,-0.00816215533258613,-0.0448570692311745,0.00191863516554393,-0.0132204698427701,-0.0575989713439988,-0.381874711902161
83,-0.884861741453424,0.00771506846299268,0.00249334902719152,-0.00409986522623683,0.000846564029888959,-0.000630905340306962,0.00771506846299828,-0.850758611928403,-0.00623921862368326,0.00983165810108814,0.0187596848155145,-0.0466997673535904,0.00249334902719631,-0.00623921862368541,0.303865822540721,-0.00590483411626011,0.0331122810953285,0.0052279895829492,-0.00409986522624297,0.00983165810109516,-0.00590483411626085,0.252453688630188,0.0115646988228015,-0.0138134000268988,0.000846564029903427,0.0187596848155445,0.0331122810953439,0.0115646988228038,-0.499695661344736,-0.128686412509977,-0.000630905340287822,-0.0466997673535741,0.00522798958295042,-0.0138134000268957,-0.128686412509791,-0.417635327467865
84,-0.799732014672002,0.0101925170135296,0.00265396324100359,-0.00395496687076116,0.00608623977629676,0.00334480533986507,0.010192517013532,-0.762123874892085,-0.00842712499766057,0.0133636230256725,0.0220593502107923,-0.0531137140388366,0.00265396324101006,-0.00842712499766212,0.295376608114505,-0.00965897001455698,0.0334123446547833,0.0102635642223866,-0.00395496687076656,0.0133636230256809,-0.00965897001455667,0.383316732796208,0.0203673493037016,-0.0141288888356082,0.00608623977631412,0.0220593502108275,0.0334123446547879,0.0203673493037097,-0.451385766983478,-0.335480304346527,0.00334480533988521,-0.0531137140388206,0.0102635642223897,-0.014128888835605,-0.335480304346266,-0.441233611539434
85,-0.694721162014431,0.0138899493599968,0.00319957430180801,-0.00321384385605917,0.00181878566070388,0.00288415365917541,0.013889949359996,-0.659552811105812,-0.00985862331315696,0.0165500788522313,0.0193818494886213,-0.0631836271005661,0.00319957430181499,-0.00985862331315814,0.375326631123796,-0.00760759869801237,0.0296547974239616,0.0180284693938652,-0.00321384385606322,0.016550078852239,-0.00760759869801192,0.389328307767254,-0.118379995527371,-0.014105843345225,0.00181878566072764,0.0193818494886523,0.0296547974239529,-0.118379995527359,-0.379199056535499,-0.0621321531811804,0.00288415365919276,-0.0631836271005574,0.0180284693938677,-0.0141058433452214,-0.0621321531815618,-0.439379621952274
86,-0.564910262795302,0.0209914421722491,0.00416441781655868,-0.00150568983085634,-0.0187852799866553,-0.00885629130983547,0.0209914421722428,-0.552953177256833,-0.0107040915625178,0.01896001601606,0.00353423125014885,-0.07155961363579,0.00416441781656515,-0.0107040915625191,0.381604595548199,-0.00343237661630126,0.0179173333376156,0.0182733690383367,-0.00150568983085892,0.0189600160160585,-0.00343237661630112,0.401328708151971,-0.00250250643182305,-0.013601573031305,-0.0187852799866322,0.0035342312501578,0.0179173333376156,-0.00250250643182888,-0.27164590897808,0.0670817104793044,-0.00885629130982816,-0.0715596136357856,0.0182733690383332,-0.0136015730313008,0.0670817104792872,-0.391295101251987
87,-0.366312192704544,0.0381456044324626,0.00562358988340394,0.00166360899761255,-0.0274725641938317,-0.0564697650020999,0.0381456044324247,-0.430936527676519,-0.0104988316771064,0.0170140412451514,-0.0808907625729017,-0.0526189335682301,0.00562358988340902,-0.0104988316771085,0.391105369366989,0.00049031482603214,0.00292013370003988,0.00613258440636186,0.00166360899761086,0.0170140412451369,0.000490314826032022,0.417230531150384,0.00622770452744504,-0.0122075727558711,-0.0274725641938422,-0.0808907625729754,0.00292013370004897,0.00622770452744023,-0.0768752651070341,0.0145107808305219,-0.0564697650021087,-0.0526189335682065,0.00613258440635739,-0.0122075727558669,0.0145107808304398,-0.238707672232058
88,-0.0802283152426182,-0.175294384784842,0.00765791958983614,0.0067473604127309,0.0218131182890454,-0.067491969006907,-0.175294384784703,0.056712378582105,-0.00693907447097197,-0.00428382091935049,-0.302117170523858,0.0289309662679347,0.00765791958983894,-0.0069390744709766,0.405310569716083,0.00120911385704081,-0.0123823330781182,0.00605683954544139,0.00674736041273122,-0.00428382091929389,0.00120911385704043,0.437439569546997,0.0118008940593437,-0.00521335883427413,0.0218131182890813,-0.302117170523738,-0.0123823330781117,0.0118008940593391,0.230033539266892,-0.042880300552812,-0.0674919690069137,0.0289309662679184,0.00605683954543349,-0.00521335883427656,-0.0428803005528812,0.164378152146789
89,0.213404456876755,0.0204573726906988,0.00860676044685875,0.0150152569336927,0.029855937494265,0.0560696825884657,0.0204573726906966,-0.0427975073650581,0.00868360892162923,-0.0111719823932095,0.069042329681178,0.131961371166214,0.0086067604468549,0.00868360892162902,0.420391804222755,-0.00323242454298016,0.00987132048131276,0.0124797502367508,0.0150152569337122,-0.0111719823932749,-0.00323242454297933,0.462255641031633,0.0227367778304809,0.00788258080897684,0.0298559374942524,0.069042329681223,0.0098713204813918,0.0227367778304763,-0.0961159493671753,-0.0619119657399434,0.0560696825884801,0.131961371166317,0.0124797502367423,0.00788258080896653,-0.061911965739974,0.0745158267033591
90,-0.318198389523937,-0.00427561870415669,4.87528603368739E-05,0.00552750295799986,-0.128023342470856,-0.0203621821446001,-0.00427561870414749,0.0816553769279155,-0.019932712291405,0.0326709794498575,-0.284174445356646,-0.0472914986859566,4.87528603342038E-05,-0.0199327122914075,0.418325776597606,0.0276871222110601,-0.00512162644033979,0.00538142896197566,0.00552750295798996,0.0326709794498028,0.0276871222110598,0.44743479950808,0.011363510924228,0.00797358061540458,-0.128023342470802,-0.284174445356441,-0.00512162644033301,0.011363510924225,0.235021906421722,0.234715649657896,-0.0203621821445862,-0.0472914986859042,0.00538142896198318,0.00797358061540692,0.234715649657841,-0.207468147348471
91,-0.0565427293924858,-0.0156349116493107,0.00837409861405854,0.0136788696234854,-0.0231394189468116,-0.0611539675876855,-0.0156349116493114,0.131582142364906,-0.0173567728734133,0.0258694741054619,-0.0853227490104624,0.0166916154962443,0.00837409861404985,-0.0173567728734193,0.433257610926149,0.0289521681519314,-0.0170616010853076,-0.00910877629616368,0.0136788696234846,0.0258694741054809,0.0289521681519316,0.476753601985296,0.0190009561066399,0.0262779482332601,-0.0231394189468092,-0.0853227490104933,-0.0170616010853057,0.0190009561066363,0.0225365654250579,0.301192960709394,-0.0611539675876828,0.0166916154962513,-0.0091087762961575,0.0262779482332553,0.301192960709415,-0.0283102365110092
92,0.193588595658976,-0.0160028130953784,0.0124298914360141,0.0163801420640029,0.0105681021705198,-0.0361827768330715,-0.0160028130953822,0.31734916898734,-0.0103120848990595,0.0154458744622544,-0.0304575815316908,0.0334127217549061,0.0124298914360089,-0.0103120848990636,0.445367054738527,0.0314335748125056,-0.022893558056305,-0.000971242237677483,0.0163801420640073,0.0154458744622789,0.0314335748125062,0.499275862986722,0.0251696418949695,0.0246319871029811,0.0105681021705315,-0.0304575815316952,-0.022893558056308,0.025169641894966,-0.0464174948685446,0.212342032816266,-0.0361827768330685,0.0334127217549518,-0.000971242237666094,0.0246319871028865,0.212342032816276,0.0148066123918647
93,0.409839883138302,-0.0163528250687499,0.0146478622072176,0.0177883747373504,0.0246989041145546,-0.0233972417425008,-0.0163528250687553,0.482116394187284,-0.00322986733454631,0.00583562518099103,-0.0122386436530924,0.0449952797923013,0.0146478622072188,-0.00322986733454617,0.453062797759145,0.034573615661874,-0.0264298413787321,0.00667878229028804,0.0177883747373543,0.00583562518099554,0.0345736156618748,0.517194850769821,0.0327864853253858,-0.0875076015651689,0.0246989041145656,-0.0122386436530797,-0.0264298413787382,0.0327864853253827,-0.0617238679141348,0.152535232732211,-0.0233972417424967,0.0449952797924275,0.00667878229029946,-0.0875076015650674,0.152535232732211,0.0339969821786863
94,0.60636052281131,-0.0179155439243571,0.0153315783105044,0.0186686947836638,0.0341895933199373,-0.0152734966664309,-0.0179155439243625,0.64332605005068,0.00216172728200444,-0.00195885566500253,-0.00456884110765768,0.0819705217832877,0.0153315783105105,0.00216172728200713,0.458741930121388,0.0397550318619158,-0.0284819319802375,0.0155480785660425,0.018668694783664,-0.00195885566501473,0.0397550318619166,0.529121777859445,0.0436725171427244,-0.080405350357961,0.0341895933199442,-0.00456884110763479,-0.0284819319802448,0.0436725171427224,-0.041856207541266,0.113986051773638,-0.0152734966664264,0.0819705217838387,0.0155480785660519,-0.0804053503579339,0.113986051773629,0.0458977523425873
95,0.775266975725024,-0.0228711128760132,0.0150592122980615,0.0193357273929694,0.0422337311006916,-0.00855939736590126,-0.02287111287601,0.788537131994949,0.00610819295901466,-0.00567627375999432,-0.00192165191253882,-0.0578245931533017,0.0150592122980649,0.00610819295901685,0.488276592147065,0.0624556812957763,-0.0293233845178846,0.0283154292358837,0.019335727392965,-0.00567627376000467,0.0624556812957752,0.533872797606479,0.0596234169643821,-0.0772326981356733,0.0422337311006884,-0.00192165191251823,-0.0293233845178908,0.0596234169643819,0.0350519139242242,0.089666388384135,-0.00855939736589762,-0.0578245931530382,0.0283154292358876,-0.0772326981356684,0.0896663883841125,0.0619962087334014
96,0.894272326996643,0.0714794027792355,0.0158955115002828,0.0199939068575479,0.030810604881956,-0.000897947910243746,0.0714794027788826,0.894944780679942,0.0222652001162469,-0.00434447050796302,0.00308863216508166,-0.00162446244599954,0.0158955115002692,0.0222652001161938,0.481888758830951,-0.0374407841889586,-0.0290683086504583,0.0462910631336201,0.0199939068575398,-0.0043444705079591,-0.0374407841889798,0.532163771741257,0.0701763014912399,-0.0840335387456586,0.0308106048819583,0.00308863216504199,-0.0290683086504613,0.0701763014912393,0.211634943996123,0.080022072093592,-0.000897947910238229,-0.00162446244605293,0.0462910631336358,-0.0840335387456679,0.0800220720935517,0.124557222539048
97,0.933536809406825,0.00480505433568753,0.036901574726758,0.0207604981734638,-0.00245626372548189,0.00987711149845752,0.00480505433569068,0.933242594102561,0.0044923599723563,0.000827693671469827,0.0338731201030335,0.00737094922610919,0.0369015747266182,0.00449235997237018,0.427510574841991,-0.0139269025927833,-0.0278012639437653,0.0351739711264421,0.0207604981734558,0.000827693671485347,-0.0139269025927843,0.483115104363878,0.0279565019191852,-0.0769571405458116,-0.0024562637254599,0.0338731201031096,-0.0278012639437638,0.0279565019191739,0.338662594213033,0.0941415180100421,0.00987711149847159,0.00737094922607485,0.0351739711264844,-0.0769571405458244,0.0941415180099986,0.382744345469791
98,0.869309442698644,-0.00316001182698617,-0.010059706812496,0.0198452550756178,0.00528568408091549,0.0223277191094508,-0.00316001182699027,0.878628908306564,0.00500910217874212,0.00774474943409109,0.0302559106429839,0.010565710684103,-0.01005970681248,0.00500910217874746,0.383636371184283,-0.0269443718491119,-0.0257154245942902,0.029053295251924,0.019845255075623,0.00774474943410947,-0.0269443718491127,0.421595732515377,-0.0188713571830727,0.0125355507477726,0.00528568408092359,0.0302559106429714,-0.0257154245942849,-0.0188713571830819,0.255005134786016,0.142846701362802,0.0223277191094701,0.0105657106840837,0.0290532952519108,0.0125355507477736,0.1428467013628,0.379954992507339
99,0.701471912373067,-0.00584843270031504,-0.00460305893207774,0.0027020803788163,0.0123973835202761,0.0285242648616279,-0.00584843270032165,0.727239848589566,0.00507978354238168,0.0147995012948874,0.0266687136874451,0.0119498969140708,-0.00460305893206938,0.00507978354238488,0.35128129158623,-0.0548089294161641,-0.0235076327838621,0.0442764742488519,0.00270208037876579,0.0147995012949028,-0.0548089294161651,0.395246773278652,-0.0357890368977084,0.0100973452827641,0.0123973835202836,0.0266687136874293,-0.0235076327838579,-0.0357890368977126,0.154342474348735,0.167476963956859,0.0285242648616336,0.0119498969140624,0.0442764742488334,0.0100973452827539,0.167476963956841,0.232889700632921
100,0.460351006937025,-0.00726333497319357,-0.00415057287172006,0.0051762116852893,0.0166750554592166,0.026965280386352,-0.00726333497320138,0.504497098434375,0.00492368440799539,0.0211899888908155,0.025103133160941,0.0125693420289566,-0.00415057287171858,0.00492368440799739,0.328757993852503,-0.0943670227741916,-0.0241109886385512,0.0511760512616328,0.00517621168529045,0.0211899888908263,-0.0943670227741918,0.369514125520916,-0.0439432362303809,0.00104641647049207,0.0166750554592244,0.0251031331609302,-0.024110988638555,-0.0439432362303838,0.0921636693278536,0.110931126397222,0.0269652803863491,0.012569342028956,0.0511760512616274,0.00104641647048172,0.110931126397218,0.167436323764361
101,,,,,,,,,,,,,,,,,,,,,,,,,,,,,,,,,,,,
102,,,,,,,,,,,,,,,,,,,,,,,,,,,,,,,,,,,,
103,,,,,,,,,,,,,,,,,,,,,,,,,,,,,,,,,,,,
104,,,,,,,,,,,,,,,,,,,,,,,,,,,,,,,,,,,,
105,,,,,,,,,,,,,,,,,,,,,,,,,,,,,,,,,,,,
106,,,,,,,,,,,,,,,,,,,,,,,,,,,,,,,,,,,,
107,,,,,,,,,,,,,,,,,,,,,,,,,,,,,,,,,,,,
108,,,,,,,,,,,,,,,,,,,,,,,,,,,,,,,,,,,,
109,,,,,,,,,,,,,,,,,,,,,,,,,,,,,,,,,,,,
100,,,,,,,,,,,,,,,,,,,,,,,,,,,,,,,,,,,,
